created_at,entities_cashtags,entities_hashtags,entities_urls,public_metrics_like_count,public_metrics_quote_count,public_metrics_reply_count,public_metrics_retweet_count,entities_mentions,created_at_user,public_metrics_followers_count,public_metrics_following_count,public_metrics_listed_count,public_metrics_tweet_count,media_type,Word_count_Henry08_pos,Word_count_Henry08_neg,Word_count_LM11_pos,Word_count_LM11_neg,Word_count_Hagenau13_pos,Word_count_Hagenau13_neg,News_agencies_names_count,Compound_vader,Positive_vader,Negative_vader,Neutral_vader
2021-09-27 14:25:52,1,0,1,0,0,0,0,0,2019-05-30 06:49:04,19109,181,347,880123,0,0.0,0.0,0.011494252873563218,0.0,0.0,0.0,0.0,0.5574,0.315,0.0,0.685
2021-09-27 13:06:21,0,4,3,0,0,0,0,0,2019-11-27 16:21:43,248,158,3,130613,1,0.0,0.0,0.005128205128205128,0.0,0.0,0.0,0.0,0.5574,0.223,0.0,0.777
2021-09-27 12:38:24,1,2,0,0,0,0,0,0,2021-08-19 06:51:41,70,15,0,5329,0,0.0,0.0,0.010638297872340425,0.0,0.0,0.0,0.0,0.5574,0.261,0.0,0.739
2021-09-25 23:36:39,0,0,0,0,0,0,0,0,2019-07-30 15:41:55,11,0,0,6599,0,0.0,0.0,0.0,0.0064516129032258064,0.0,0.0,0.0,0.0,0.0,0.0,1.0
2021-09-24 16:46:48,1,0,1,0,0,0,0,0,2020-11-07 11:37:37,397,16,29,266035,0,0.0,0.0,0.0,0.006578947368421052,0.006578947368421052,0.0,0.0,-0.2263,0.0,0.091,0.909
2021-09-21 22:54:19,0,3,3,0,0,0,0,0,2019-11-27 16:21:43,248,158,3,130613,1,0.005263157894736842,0.0,0.005263157894736842,0.0,0.0,0.0,0.0,0.4404,0.153,0.0,0.847
2021-09-20 19:55:07,1,0,2,0,0,0,0,0,2020-10-11 19:29:43,2897,56,59,109989,1,0.005263157894736842,0.0,0.0,0.0,0.010526315789473684,0.005263157894736842,0.0,0.3818,0.077,0.0,0.923
2021-09-17 10:24:06,1,0,2,0,0,0,0,0,2021-05-30 16:42:36,655,0,13,51211,1,0.005263157894736842,0.0,0.0,0.0,0.010526315789473684,0.005263157894736842,0.0,0.3818,0.077,0.0,0.923
2021-09-14 06:05:15,1,0,1,0,0,0,0,0,2020-11-07 11:37:37,397,16,29,266035,0,0.0,0.0,0.0,0.009174311926605505,0.0,0.0,0.0,-0.2263,0.0,0.119,0.881
2021-09-10 17:15:53,1,0,1,0,0,0,0,0,2020-11-07 11:37:37,397,16,29,266035,0,0.0,0.0,0.0,0.008333333333333333,0.0,0.0,0.0,-0.2263,0.0,0.112,0.888
2021-09-08 15:02:03,0,0,2,0,0,0,0,1,2012-08-19 18:39:53,1498,869,161,123769,1,0.0,0.0,0.0,0.0,0.0,0.0,0.0,0.34,0.145,0.0,0.855
2021-09-08 10:30:08,1,0,2,0,0,0,0,0,2021-05-30 16:42:36,655,0,13,51211,1,0.005263157894736842,0.0,0.0,0.0,0.010526315789473684,0.005263157894736842,0.0,0.3818,0.077,0.0,0.923
2021-09-08 07:55:43,1,0,1,0,0,0,0,0,2012-01-24 00:00:23,7020,11,187,399977,0,0.0,0.0,0.0,0.0,0.0,0.0,0.0,0.34,0.159,0.0,0.841
2021-09-08 07:36:35,0,0,2,0,0,0,0,0,2018-03-20 23:21:53,2081,23,31,283242,1,0.0,0.0,0.0,0.0,0.0,0.0,0.0,0.34,0.159,0.0,0.841
2021-09-08 07:31:44,1,0,1,0,0,0,0,0,2021-01-29 11:43:57,291,0,9,110453,0,0.0,0.0,0.0,0.0,0.0,0.0,0.0,0.34,0.159,0.0,0.841
2021-09-08 07:31:37,0,0,1,0,0,0,0,0,2015-08-18 06:21:05,933,2063,38,1221216,0,0.0,0.0,0.0,0.0,0.0,0.0,0.0,0.34,0.185,0.0,0.815
2021-09-08 07:30:37,1,0,1,0,0,0,0,0,2020-11-07 11:37:37,397,16,29,266035,0,0.0,0.0,0.0,0.005025125628140704,0.0,0.0,0.0,0.128,0.129,0.072,0.798
2021-09-08 07:30:19,1,0,1,0,0,0,0,0,2020-04-25 09:11:29,5649,0,157,177556,0,0.0,0.0,0.0,0.0,0.0,0.0,0.0,0.34,0.159,0.0,0.841
2021-09-08 07:30:08,1,0,1,0,0,0,0,0,2021-05-14 16:34:04,31,0,0,20645,0,0.0,0.0,0.0,0.0,0.0,0.0,0.0,0.34,0.159,0.0,0.841
2021-08-28 15:18:04,1,0,2,0,0,0,0,0,2021-05-30 16:42:36,655,0,13,51211,1,0.005263157894736842,0.0,0.0,0.0,0.010526315789473684,0.005263157894736842,0.0,0.3818,0.077,0.0,0.923
2021-08-26 22:41:20,0,0,0,0,0,0,0,1,2011-11-07 22:25:04,110,312,0,5568,0,0.0,0.0,0.0,0.0,0.009174311926605505,0.0,0.0,0.0,0.0,0.0,1.0
2021-08-25 17:00:13,1,0,1,0,0,0,0,0,2020-11-07 11:37:37,397,16,29,266035,0,0.0,0.0,0.0,0.009259259259259259,0.0,0.0,0.0,-0.2263,0.0,0.119,0.881
2021-08-24 17:31:45,1,0,1,0,0,0,0,0,2020-11-07 11:37:37,397,16,29,266035,0,0.0,0.0,0.0,0.009433962264150943,0.0,0.0,0.0,-0.2263,0.0,0.119,0.881
2021-08-24 17:05:12,1,0,1,0,0,0,0,0,2020-11-07 11:37:37,397,16,29,266035,0,0.0,0.0,0.0,0.006578947368421052,0.006578947368421052,0.0,0.0,-0.2263,0.0,0.091,0.909
2021-08-24 14:56:17,1,0,1,0,0,0,0,0,2021-06-25 17:04:33,45,0,0,11222,0,0.0,0.0,0.0,0.0,0.0,0.009615384615384616,0.0,0.0,0.0,0.0,1.0
2021-08-24 11:24:05,1,0,2,0,0,0,0,0,2021-05-30 16:42:36,655,0,13,51211,1,0.005263157894736842,0.0,0.0,0.0,0.010526315789473684,0.005263157894736842,0.0,0.3818,0.077,0.0,0.923
2021-08-24 08:46:56,1,0,1,0,0,0,0,0,2020-11-07 11:37:37,397,16,29,266035,0,0.0,0.0,0.0,0.009259259259259259,0.0,0.0,0.0,-0.2263,0.0,0.119,0.881
2021-08-24 08:34:32,1,0,2,0,0,0,0,0,2020-11-07 11:37:37,397,16,29,266035,0,0.0,0.0,0.0,0.0038314176245210726,0.0,0.0,0.0,-0.2263,0.0,0.051,0.949
2021-08-24 08:30:48,1,0,2,0,0,0,0,0,2020-11-07 11:37:37,397,16,29,266035,0,0.0,0.0,0.0,0.005813953488372093,0.0,0.0,0.0,-0.2263,0.0,0.076,0.924
2021-08-23 15:46:31,1,0,1,0,0,0,0,0,2010-03-08 11:14:34,161329,152399,2582,2462196,0,0.0,0.0,0.0,0.0,0.0,0.0045045045045045045,0.0,0.7506,0.215,0.0,0.785
2021-08-18 04:34:04,1,0,2,0,0,0,0,0,2021-05-30 16:42:36,655,0,13,51211,1,0.005263157894736842,0.0,0.0,0.0,0.010526315789473684,0.005263157894736842,0.0,0.3818,0.077,0.0,0.923
2021-08-17 18:54:18,1,0,1,0,0,0,0,0,2021-06-25 17:04:33,45,0,0,11222,0,0.0,0.0,0.0,0.0,0.0,0.009523809523809525,0.0,0.0,0.0,0.0,1.0
2021-08-13 10:08:03,2,1,1,0,0,0,0,0,2014-05-15 15:58:09,1340,1101,65,74909,0,0.0,0.0,0.0,0.0,0.0,0.006024096385542169,0.0,0.0,0.0,0.0,1.0
2021-08-12 16:00:30,1,0,1,0,0,0,0,0,2021-06-25 17:04:33,45,0,0,11222,0,0.0,0.0,0.0,0.0,0.0,0.009523809523809525,0.0,0.0,0.0,0.0,1.0
2021-08-10 01:41:06,1,0,2,0,0,0,0,0,2020-10-11 19:29:43,2897,56,59,109989,1,0.005263157894736842,0.0,0.0,0.0,0.010526315789473684,0.005263157894736842,0.0,0.3818,0.077,0.0,0.923
2021-08-09 12:11:02,1,0,2,0,0,0,0,0,2020-10-11 19:29:43,2897,56,59,109989,1,0.005263157894736842,0.0,0.0,0.0,0.010526315789473684,0.005263157894736842,0.0,0.3818,0.077,0.0,0.923
2021-08-07 15:03:08,1,0,2,0,1,0,0,0,2020-10-11 19:29:43,2897,56,59,109989,1,0.005263157894736842,0.0,0.0,0.0,0.010526315789473684,0.005263157894736842,0.0,0.3818,0.077,0.0,0.923
2021-08-07 09:44:08,1,0,2,0,0,0,0,0,2020-10-11 19:29:43,2897,56,59,109989,1,0.005263157894736842,0.0,0.0,0.0,0.010526315789473684,0.005263157894736842,0.0,0.3818,0.077,0.0,0.923
2021-08-06 17:05:08,0,0,0,1,0,0,1,0,2021-02-12 15:14:56,2258,932,12,12241,0,0.0,0.0,0.0,0.0,0.0,0.0,0.0,0.6597,0.178,0.0,0.822
2021-08-06 07:52:07,1,0,2,0,0,0,0,0,2021-05-30 16:42:36,655,0,13,51211,1,0.005263157894736842,0.0,0.0,0.0,0.010526315789473684,0.005263157894736842,0.0,0.3818,0.077,0.0,0.923
2021-08-04 01:38:06,1,0,2,0,0,0,0,0,2021-05-30 16:42:36,655,0,13,51211,1,0.005263157894736842,0.0,0.0,0.0,0.010526315789473684,0.005263157894736842,0.0,0.3818,0.077,0.0,0.923
2021-07-30 20:59:51,0,0,0,0,0,0,0,0,2017-04-17 12:10:12,8,4,0,9000,0,0.0,0.0,0.0,0.0,0.0,0.0,0.0,0.4201,0.128,0.0,0.872
2021-07-29 23:24:05,1,0,2,0,0,0,0,0,2021-05-30 16:42:36,655,0,13,51211,1,0.005263157894736842,0.0,0.0,0.0,0.010526315789473684,0.005263157894736842,0.0,0.3818,0.077,0.0,0.923
2021-07-28 03:47:06,1,0,2,0,0,0,0,0,2020-10-11 19:29:43,2897,56,59,109989,1,0.005263157894736842,0.0,0.0,0.0,0.010526315789473684,0.005263157894736842,0.0,0.3818,0.077,0.0,0.923
2021-07-25 07:38:43,1,0,2,0,0,0,0,0,2021-05-30 16:42:36,655,0,13,51211,1,0.005263157894736842,0.0,0.0,0.0,0.010526315789473684,0.005263157894736842,0.0,0.3818,0.077,0.0,0.923
2021-07-21 17:05:28,0,1,0,0,0,0,1,0,2018-01-07 09:23:37,28,12,1,9013,0,0.0,0.0,0.0,0.011494252873563218,0.0,0.0,0.0,0.3818,0.178,0.0,0.822
2021-07-20 17:35:34,0,0,0,0,0,0,0,0,2019-07-30 15:41:55,11,0,0,6599,0,0.0,0.0,0.0,0.0064516129032258064,0.0,0.0,0.0,-0.296,0.0,0.075,0.925
2021-07-20 16:35:10,1,0,2,0,0,0,0,0,2020-10-11 19:29:43,2897,56,59,109989,1,0.005263157894736842,0.0,0.0,0.0,0.010526315789473684,0.005263157894736842,0.0,0.3818,0.077,0.0,0.923
2021-07-19 13:34:50,1,4,1,0,0,0,0,0,2019-09-11 15:50:02,112,7,7,243156,0,0.0,0.0,0.0,0.0,0.0,0.009259259259259259,0.0,0.0,0.0,0.0,1.0
2021-07-19 06:46:33,0,0,1,0,0,0,0,0,2011-04-18 10:50:46,79,1,1,193256,0,0.0,0.0,0.0,0.0,0.0036496350364963502,0.0072992700729927005,0.0,0.0,0.0,0.0,1.0
2021-07-19 06:35:06,0,0,1,0,0,0,0,0,2015-08-18 06:21:05,933,2063,38,1221216,0,0.0,0.0,0.0,0.0,0.0,0.016,0.0,0.0,0.0,0.0,1.0
2021-07-19 06:30:41,1,0,1,0,0,0,0,0,2020-11-07 11:37:37,397,16,29,266035,0,0.0,0.0,0.0,0.0,0.0,0.015151515151515152,0.0,0.0,0.0,0.0,1.0
2021-07-19 06:30:10,1,0,1,0,0,0,0,0,2014-02-27 05:32:16,1392,587,55,28162,0,0.0,0.0,0.0,0.0,0.0,0.015384615384615385,0.0,0.0,0.0,0.0,1.0
2021-07-16 16:22:09,1,0,1,0,0,0,0,0,2020-11-07 11:37:37,397,16,29,266035,0,0.0,0.0,0.0,0.0,0.006097560975609756,0.0,0.0,0.0,0.0,0.0,1.0
2021-07-12 15:27:07,1,0,2,0,0,0,0,0,2010-03-08 11:14:34,161329,152399,2582,2462196,0,0.0,0.0,0.0,0.0,0.0,0.0040650406504065045,0.0,0.7506,0.209,0.0,0.791
2021-07-11 14:03:02,1,0,2,0,0,0,0,0,2020-10-11 19:29:43,2897,56,59,109989,1,0.005263157894736842,0.0,0.0,0.0,0.010526315789473684,0.005263157894736842,0.0,0.3818,0.077,0.0,0.923
2021-07-10 11:49:27,0,0,0,0,0,0,0,0,2018-04-10 01:05:36,27,8,1,30172,0,0.0,0.0,0.0,0.0,0.0,0.0,0.0,0.5574,0.261,0.0,0.739
2021-07-09 17:07:14,0,1,0,0,0,0,0,0,2018-01-07 09:23:37,28,12,1,9013,0,0.0,0.0,0.0,0.011494252873563218,0.0,0.0,0.0,0.3818,0.178,0.0,0.822
2021-07-08 09:46:44,0,0,1,0,0,0,0,0,2011-04-18 10:50:46,79,1,1,193256,0,0.0,0.0,0.0,0.014598540145985401,0.0,0.0,0.0,-0.296,0.054,0.084,0.862
2021-07-07 21:32:07,0,2,1,0,0,0,0,0,2018-06-11 20:37:22,3407,104,38,472190,0,0.0,0.0,0.0,0.012048192771084338,0.0,0.0,0.0,0.4466,0.128,0.0,0.872
2021-07-07 20:45:10,0,1,1,0,0,0,0,0,2009-11-01 08:19:56,39,2,2,19526,0,0.0,0.0,0.0,0.013888888888888888,0.0,0.0,0.0,0.4466,0.147,0.0,0.853
2021-07-07 20:31:13,0,0,1,0,0,0,0,0,2011-04-18 10:50:46,79,1,1,193256,0,0.0,0.0,0.0,0.0072992700729927005,0.0,0.0,0.0,0.0,0.0,0.0,1.0
2021-07-07 20:23:41,1,0,1,0,0,0,0,0,2018-12-03 15:43:42,3157,0,95,841411,0,0.0,0.0,0.0,0.014285714285714285,0.004761904761904762,0.0,0.0,0.2577,0.092,0.06,0.848
2021-07-07 20:17:25,0,0,1,0,0,0,0,0,2015-08-18 06:21:05,933,2063,38,1221216,0,0.0,0.0,0.0,0.014285714285714285,0.0,0.0,0.0,0.4466,0.147,0.0,0.853
2021-07-06 18:45:31,1,0,1,0,0,0,0,0,2018-12-03 15:43:42,3157,0,95,841411,0,0.0,0.0,0.0,0.011695906432748537,0.005847953216374269,0.0,0.0,-0.2263,0.0,0.083,0.917
2021-07-06 18:43:58,0,0,1,0,0,0,0,0,2020-05-04 14:44:18,11,4,0,840,0,0.0,0.0,0.0,0.009433962264150943,0.0,0.0,0.0,0.0,0.0,0.0,1.0
2021-07-04 23:21:03,1,0,2,0,0,0,0,0,2020-10-11 19:29:43,2897,56,59,109989,1,0.005263157894736842,0.0,0.0,0.0,0.010526315789473684,0.005263157894736842,0.0,0.3818,0.077,0.0,0.923
2021-07-03 02:25:23,0,0,0,0,0,0,0,0,2018-04-10 01:05:36,27,8,1,30172,0,0.0,0.0,0.0,0.0,0.0,0.0,0.0,0.2732,0.11,0.0,0.89
2021-06-29 03:22:05,1,0,2,0,0,0,0,0,2021-05-30 16:42:36,655,0,13,51211,1,0.005263157894736842,0.0,0.0,0.0,0.010526315789473684,0.005263157894736842,0.0,0.3818,0.077,0.0,0.923
2021-06-27 17:59:06,1,0,2,0,0,0,0,0,2020-10-11 19:29:43,2897,56,59,109989,1,0.005263157894736842,0.0,0.0,0.0,0.010526315789473684,0.005263157894736842,0.0,0.3818,0.077,0.0,0.923
2021-06-25 08:37:05,1,0,2,0,0,0,0,0,2020-10-11 19:29:43,2897,56,59,109989,1,0.005263157894736842,0.0,0.0,0.0,0.010526315789473684,0.005263157894736842,0.0,0.3818,0.077,0.0,0.923
2021-06-24 04:18:17,0,0,1,0,0,0,0,0,2009-07-06 14:24:37,6260,3079,225,147863,0,0.005291005291005291,0.0,0.0,0.0,0.0,0.010582010582010581,0.0,0.6249,0.181,0.0,0.819
2021-06-19 10:20:18,1,0,2,0,0,0,0,0,2021-05-30 16:42:36,655,0,13,51211,1,0.005263157894736842,0.0,0.0,0.0,0.010526315789473684,0.005263157894736842,0.0,0.3818,0.077,0.0,0.923
2021-06-18 12:38:59,0,0,0,0,0,0,0,0,2011-10-17 16:39:23,51,198,0,2707,0,0.0,0.0,0.0,0.0,0.0,0.0,0.0,0.6597,0.124,0.0,0.876
2021-06-18 10:45:45,0,0,1,3,0,0,2,0,2009-03-17 15:58:58,11894,2164,279,19993,0,0.003663003663003663,0.003663003663003663,0.0,0.0,0.0,0.003663003663003663,0.0,0.2263,0.043,0.0,0.957
2021-06-17 19:05:22,0,0,0,0,0,0,0,0,2010-07-26 21:53:43,223,134,0,3151,0,0.0,0.0,0.0,0.004032258064516129,0.0,0.0,0.0,-0.1027,0.045,0.082,0.873
2021-06-16 21:36:26,1,0,2,0,0,0,0,0,2021-05-30 16:42:36,655,0,13,51211,1,0.005263157894736842,0.0,0.0,0.0,0.010526315789473684,0.005263157894736842,0.0,0.3818,0.077,0.0,0.923
2021-06-12 05:21:20,1,0,2,0,0,0,0,0,2021-05-30 16:42:36,655,0,13,51211,1,0.005263157894736842,0.0,0.0,0.0,0.010526315789473684,0.005263157894736842,0.0,0.3818,0.077,0.0,0.923
2021-06-10 16:17:12,1,0,2,0,0,0,0,0,2020-11-07 11:37:37,397,16,29,266035,0,0.0,0.0,0.0,0.00684931506849315,0.0,0.0,0.0,-0.2263,0.0,0.091,0.909
2021-06-10 14:15:10,0,0,1,0,0,0,0,0,2016-08-09 04:59:42,29,0,1,49767,0,0.0,0.0,0.0,0.0,0.0,0.0,0.0,0.3612,0.135,0.0,0.865
2021-06-10 13:40:32,0,4,1,0,0,0,0,0,2012-10-31 03:27:23,1052,132,139,368855,0,0.0,0.0,0.0,0.0,0.0,0.0,0.0,0.3612,0.111,0.0,0.889
2021-06-10 13:32:10,0,0,1,0,0,0,0,0,2018-02-05 01:42:07,1081,1362,10,255740,0,0.0,0.0,0.0,0.0,0.0,0.0,0.0,0.3612,0.135,0.0,0.865
2021-06-08 04:58:48,1,0,2,0,0,0,0,0,2020-10-11 19:29:43,2897,56,59,109989,1,0.005263157894736842,0.0,0.0,0.0,0.010526315789473684,0.005263157894736842,0.0,0.3818,0.077,0.0,0.923
2021-06-07 18:30:34,1,0,2,0,0,0,0,0,2020-10-11 19:29:43,2897,56,59,109989,1,0.005263157894736842,0.0,0.0,0.0,0.010526315789473684,0.005263157894736842,0.0,0.3818,0.077,0.0,0.923
2021-06-04 13:08:15,1,0,2,0,0,0,0,0,2021-05-30 16:42:36,655,0,13,51211,1,0.005263157894736842,0.0,0.0,0.0,0.010526315789473684,0.005263157894736842,0.0,0.3818,0.077,0.0,0.923
2021-06-04 03:29:15,1,0,2,0,0,0,0,0,2020-10-11 19:29:43,2897,56,59,109989,1,0.005263157894736842,0.0,0.0,0.0,0.010526315789473684,0.005263157894736842,0.0,0.3818,0.077,0.0,0.923
2021-06-03 09:07:50,1,0,2,0,0,0,0,0,2020-10-11 19:29:43,2897,56,59,109989,1,0.005263157894736842,0.0,0.0,0.0,0.010526315789473684,0.005263157894736842,0.0,0.3818,0.077,0.0,0.923
2021-06-03 03:11:13,1,0,2,0,0,0,0,0,2020-10-11 19:29:43,2897,56,59,109989,1,0.005263157894736842,0.0,0.0,0.0,0.010526315789473684,0.005263157894736842,0.0,0.3818,0.077,0.0,0.923
2021-06-02 09:45:28,1,0,2,1,0,0,1,0,2020-10-11 19:29:43,2897,56,59,109989,1,0.005263157894736842,0.0,0.0,0.0,0.010526315789473684,0.005263157894736842,0.0,0.3818,0.077,0.0,0.923
2021-05-31 19:11:04,0,0,1,0,0,0,0,0,2011-03-04 10:39:40,15588,2,290,799343,0,0.0035335689045936395,0.0035335689045936395,0.0035335689045936395,0.0,0.0,0.0035335689045936395,0.0,0.2732,0.128,0.101,0.771
2021-05-30 18:49:00,1,0,2,0,0,0,0,0,2020-10-11 19:29:43,2897,56,59,109989,1,0.005263157894736842,0.0,0.0,0.0,0.010526315789473684,0.005263157894736842,0.0,0.3818,0.077,0.0,0.923
2021-05-28 17:27:54,1,1,1,0,0,0,0,0,2020-11-07 11:37:37,397,16,29,266035,0,0.0,0.0,0.0,0.0,0.0070921985815602835,0.0,0.0,0.0,0.0,0.0,1.0
2021-05-27 02:57:43,0,0,0,0,0,0,0,0,2021-02-18 00:43:14,1,1,0,1034,0,0.0,0.0,0.0,0.0,0.0,0.0,0.0,0.2263,0.13,0.079,0.791
2021-05-21 03:43:57,1,0,2,0,0,0,0,0,2020-10-11 19:29:43,2897,56,59,109989,1,0.005319148936170213,0.0,0.0,0.0,0.010638297872340425,0.005319148936170213,0.0,0.3818,0.088,0.0,0.912
2021-05-21 03:22:55,1,0,2,1,0,0,0,0,2020-10-11 19:29:43,2897,56,59,109989,1,0.005319148936170213,0.0,0.0,0.0,0.010638297872340425,0.005319148936170213,0.0,0.3818,0.088,0.0,0.912
2021-05-19 02:20:21,1,0,2,0,0,0,0,0,2020-10-11 19:29:43,2897,56,59,109989,1,0.005319148936170213,0.0,0.0,0.0,0.010638297872340425,0.005319148936170213,0.0,0.3818,0.088,0.0,0.912
2021-05-18 21:15:09,5,3,1,2,0,9,1,0,2019-04-24 16:44:05,712,675,3,25044,0,0.0,0.0,0.0,0.0,0.0,0.0,0.0,0.4995,0.168,0.0,0.832
2021-05-09 14:17:45,2,0,0,244,0,9,45,0,2019-10-26 14:02:01,37447,1906,211,10086,0,0.0,0.0,0.0,0.0,0.003787878787878788,0.003787878787878788,0.0,0.1779,0.044,0.0,0.956
2021-05-07 15:51:28,1,0,2,2,0,0,0,0,2020-10-11 19:29:43,2897,56,59,109989,1,0.005319148936170213,0.0,0.0,0.0,0.010638297872340425,0.005319148936170213,0.0,0.3818,0.088,0.0,0.912
2021-05-06 20:27:47,1,0,2,0,0,0,0,0,2020-10-11 19:29:43,2897,56,59,109989,1,0.005319148936170213,0.0,0.0,0.0,0.010638297872340425,0.005319148936170213,0.0,0.3818,0.088,0.0,0.912
2021-05-04 05:46:33,0,0,0,0,0,0,0,0,2018-04-10 01:05:36,27,8,1,30172,0,0.0,0.0,0.0,0.0,0.0,0.0,0.0,0.3612,0.128,0.0,0.872
2021-05-03 04:21:10,1,0,2,0,0,0,0,0,2020-10-11 19:29:43,2897,56,59,109989,1,0.005319148936170213,0.0,0.0,0.0,0.010638297872340425,0.005319148936170213,0.0,0.3818,0.088,0.0,0.912
2021-04-30 09:11:11,1,0,2,0,0,0,0,0,2020-10-11 19:29:43,2897,56,59,109989,1,0.005319148936170213,0.0,0.0,0.0,0.010638297872340425,0.005319148936170213,0.0,0.3818,0.088,0.0,0.912
2021-04-27 23:44:29,0,0,2,0,0,0,0,0,2016-01-14 13:18:11,99,0,2,45525,1,0.0,0.0,0.0,0.0,0.0,0.0,0.0,0.3818,0.094,0.0,0.906
2021-04-27 17:49:39,0,0,1,0,0,0,0,0,2016-02-09 19:06:07,2461,4823,43,59096,1,0.009900990099009901,0.0033003300330033004,0.0,0.0,0.0,0.0,0.0,0.0,0.0,0.0,1.0
2021-04-27 10:48:12,2,0,2,0,0,1,0,1,2017-02-15 16:05:37,264,474,18,1015,0,0.0,0.0,0.0,0.0,0.003968253968253968,0.007936507936507936,0.0,0.7267,0.182,0.038,0.78
2021-04-25 20:35:46,0,0,0,0,0,0,0,0,2019-07-30 15:41:55,11,0,0,6599,0,0.0,0.0,0.0,0.006369426751592357,0.0,0.0,0.0,0.0,0.0,0.0,1.0
2021-04-23 11:15:18,1,0,2,0,0,0,0,0,2020-10-11 19:29:43,2897,56,59,109989,1,0.005319148936170213,0.0,0.0,0.0,0.010638297872340425,0.005319148936170213,0.0,0.3818,0.088,0.0,0.912
2021-04-21 12:19:56,1,0,2,0,0,0,0,0,2020-10-11 19:29:43,2897,56,59,109989,1,0.005319148936170213,0.0,0.0,0.0,0.010638297872340425,0.005319148936170213,0.0,0.3818,0.088,0.0,0.912
2021-04-17 17:38:28,0,3,1,0,0,0,1,0,2011-12-22 04:06:24,7415,5332,4515,184083,0,0.0,0.0,0.0,0.0,0.0,0.00625,0.0,0.34,0.118,0.0,0.882
2021-04-17 13:07:22,1,0,2,0,0,0,0,0,2020-10-11 19:29:43,2897,56,59,109989,1,0.005319148936170213,0.0,0.0,0.0,0.010638297872340425,0.005319148936170213,0.0,0.3818,0.088,0.0,0.912
2021-04-16 11:49:13,1,2,1,0,0,0,0,0,2020-11-07 11:37:37,397,16,29,266035,0,0.0,0.0,0.0,0.0,0.0,0.006329113924050633,0.0,0.0,0.0,0.0,1.0
2021-04-16 10:37:50,1,4,1,0,0,0,0,0,2019-09-11 15:50:02,112,7,7,243156,0,0.0,0.0,0.0,0.0,0.0,0.004629629629629629,0.0,0.0,0.0,0.0,1.0
2021-04-16 09:15:24,0,0,1,0,0,0,0,0,2010-07-14 08:02:43,1715,1,270,1010484,0,0.0,0.0,0.0,0.0,0.0,0.008064516129032258,0.0,0.0,0.0,0.0,1.0
2021-04-16 07:20:40,0,3,1,0,0,0,0,0,2010-01-27 17:48:24,9682,159,164,304991,0,0.0,0.0,0.0,0.0,0.0,0.005747126436781609,0.0,0.0,0.0,0.0,1.0
2021-04-16 07:20:38,0,3,1,0,0,0,0,0,2010-09-23 16:48:59,7441,1134,139,293343,0,0.0,0.0,0.0,0.0,0.0,0.005747126436781609,0.0,0.0,0.0,0.0,1.0
2021-04-16 06:47:15,0,0,1,0,0,0,0,0,2011-04-18 10:50:46,79,1,1,193256,0,0.0,0.0,0.0,0.0,0.0036496350364963502,0.0036496350364963502,0.0,0.0,0.0,0.0,1.0
2021-04-16 06:32:40,0,0,1,0,0,0,0,0,2015-08-18 06:21:05,933,2063,38,1221216,0,0.0,0.0,0.0,0.0,0.0,0.008064516129032258,0.0,0.0,0.0,0.0,1.0
2021-04-15 10:28:35,1,0,0,0,0,0,0,0,2019-05-09 09:30:56,2713,7,52,8939,0,0.011494252873563218,0.0,0.011494252873563218,0.0,0.0,0.0,0.0,0.6037,0.282,0.0,0.718
2021-04-14 11:16:56,0,0,1,1,0,1,1,0,2012-11-21 15:27:34,27032,25113,5,135901,0,0.003745318352059925,0.0,0.0,0.00749063670411985,0.0,0.0,0.0,-0.6597,0.0,0.124,0.876
2021-04-12 17:00:19,5,0,0,1,0,1,0,0,2019-02-22 15:14:42,1802,1,33,87183,0,0.0,0.0,0.0,0.0,0.0,0.0044444444444444444,0.0,0.5106,0.091,0.0,0.909
2021-04-09 10:01:46,1,0,1,0,0,0,0,0,2019-05-09 09:30:56,2713,7,52,8939,1,0.008771929824561403,0.0,0.008771929824561403,0.0,0.0,0.0,0.0,0.6037,0.263,0.0,0.737
2021-04-07 23:35:04,0,0,0,0,0,0,0,0,2019-07-30 15:41:55,11,0,0,6599,0,0.0,0.0,0.0,0.006493506493506494,0.0,0.0,0.0,0.4588,0.1,0.0,0.9
2021-04-06 20:33:44,1,0,2,0,0,0,0,0,2020-10-11 19:29:43,2897,56,59,109989,1,0.005319148936170213,0.0,0.0,0.0,0.010638297872340425,0.005319148936170213,0.0,0.3818,0.088,0.0,0.912
2021-04-04 06:42:42,0,0,0,0,0,0,0,0,2011-07-07 21:01:44,10,0,0,33656,0,0.0,0.0,0.0,0.0,0.0,0.0,0.0,-0.2023,0.0,0.13,0.87
2021-04-01 20:34:18,1,1,2,0,0,0,0,0,2019-04-20 15:42:03,422,253,10,9151,1,0.0,0.0,0.0,0.0,0.0,0.003676470588235294,0.0,0.7712,0.189,0.0,0.811
2021-04-01 17:47:38,0,0,0,0,0,0,0,0,2009-12-12 22:37:10,18,46,6,44914,0,0.0,0.0,0.0,0.0,0.0,0.0,0.0,0.802,0.324,0.0,0.676
2021-03-31 19:45:50,0,0,0,0,0,0,0,0,2021-03-31 10:37:19,0,19,0,480,0,0.0,0.0,0.0,0.01090909090909091,0.0,0.0,0.0,0.6114,0.224,0.14,0.636
2021-03-31 09:50:41,1,0,2,0,0,0,0,0,2020-10-11 19:29:43,2897,56,59,109989,1,0.005319148936170213,0.0,0.0,0.0,0.010638297872340425,0.005319148936170213,0.0,0.3818,0.088,0.0,0.912
2021-03-31 09:34:15,1,0,0,0,0,0,0,0,2019-05-09 09:30:56,2713,7,52,8939,0,0.01098901098901099,0.0,0.01098901098901099,0.0,0.0,0.0,0.0,0.6037,0.282,0.0,0.718
2021-03-28 12:38:34,1,0,2,0,0,0,0,0,2020-10-11 19:29:43,2897,56,59,109989,1,0.005319148936170213,0.0,0.0,0.0,0.010638297872340425,0.005319148936170213,0.0,0.3818,0.088,0.0,0.912
2021-03-23 10:00:42,1,0,2,0,0,0,0,0,2020-10-11 19:29:43,2897,56,59,109989,1,0.005319148936170213,0.0,0.0,0.0,0.010638297872340425,0.005319148936170213,0.0,0.3818,0.088,0.0,0.912
2021-03-17 22:16:14,1,0,2,0,0,0,0,0,2020-10-11 19:29:43,2897,56,59,109989,1,0.005319148936170213,0.0,0.0,0.0,0.010638297872340425,0.005319148936170213,0.0,0.3818,0.088,0.0,0.912
2021-03-17 19:51:26,0,0,3,5,0,0,6,0,2010-06-23 19:37:50,12784,1205,249,27655,1,0.0,0.0,0.0,0.0,0.0,0.003367003367003367,0.0,0.0,0.0,0.0,1.0
2021-03-13 09:00:09,0,0,1,5,0,0,1,0,2009-08-26 19:13:48,8367,1715,231,17782,0,0.0,0.0,0.0,0.0,0.0,0.004098360655737705,0.0,0.5719,0.148,0.0,0.852
2021-03-12 10:21:42,1,0,1,0,0,0,0,0,2019-05-09 09:30:56,2713,7,52,8939,1,0.008849557522123894,0.0,0.008849557522123894,0.0,0.0,0.0,0.0,0.6037,0.263,0.0,0.737
2021-03-11 23:11:20,1,0,2,0,0,0,0,0,2020-10-11 19:29:43,2897,56,59,109989,1,0.005319148936170213,0.0,0.0,0.0,0.010638297872340425,0.005319148936170213,0.0,0.3818,0.088,0.0,0.912
2021-03-11 13:58:51,1,0,2,0,0,0,0,0,2020-10-11 19:29:43,2897,56,59,109989,1,0.005319148936170213,0.0,0.0,0.0,0.010638297872340425,0.005319148936170213,0.0,0.3818,0.088,0.0,0.912
2021-03-10 15:41:06,0,2,2,2,0,0,0,2,2009-05-06 18:06:53,10597,3458,280,19540,1,0.0,0.0,0.0,0.0,0.0034482758620689655,0.0,0.0,0.0,0.0,0.0,1.0
2021-03-09 18:48:55,1,0,2,1,1,0,1,0,2020-10-11 19:29:43,2897,56,59,109989,1,0.005319148936170213,0.0,0.0,0.0,0.010638297872340425,0.005319148936170213,0.0,0.3818,0.088,0.0,0.912
2021-03-08 15:43:17,0,0,2,20,3,1,8,0,2020-08-15 18:42:16,6920,4,167,10216,0,0.0,0.0,0.0,0.0,0.0,0.0,0.0,0.3612,0.079,0.0,0.921
2021-03-05 07:58:32,0,0,0,0,0,0,0,0,2016-12-07 12:49:27,364,45,0,7520,0,0.0,0.0,0.0,0.0,0.0,0.0,0.0,-0.5255,0.0,0.326,0.674
2021-03-03 13:05:24,1,0,2,1,0,0,0,0,2020-10-11 19:29:43,2897,56,59,109989,1,0.005319148936170213,0.0,0.0,0.0,0.010638297872340425,0.005319148936170213,0.0,0.3818,0.088,0.0,0.912
2021-03-02 02:31:54,0,0,0,0,0,0,0,0,2011-02-14 04:52:45,27,0,0,37686,0,0.0,0.0,0.0,0.0,0.0,0.0,0.0,0.4588,0.2,0.0,0.8
2021-03-02 01:14:49,1,0,2,1,0,0,0,0,2020-10-11 19:29:43,2897,56,59,109989,1,0.005319148936170213,0.0,0.0,0.0,0.010638297872340425,0.005319148936170213,0.0,0.3818,0.088,0.0,0.912
2021-03-01 16:46:04,0,0,1,0,0,0,1,0,2009-08-26 19:13:48,8367,1715,231,17782,0,0.0,0.0,0.0,0.0,0.0,0.004219409282700422,0.0,0.5719,0.153,0.0,0.847
2021-03-01 04:55:37,1,0,2,0,0,0,0,0,2020-10-11 19:29:43,2897,56,59,109989,1,0.005319148936170213,0.0,0.0,0.0,0.010638297872340425,0.005319148936170213,0.0,0.3818,0.088,0.0,0.912
2021-02-27 21:38:23,4,0,0,0,0,0,0,0,2021-01-11 07:48:20,674,0,10,1842,0,0.0,0.0,0.0,0.0,0.0,0.004081632653061225,0.0,0.0,0.0,0.0,1.0
2021-02-26 13:22:50,1,0,2,0,0,0,0,0,2020-10-11 19:29:43,2897,56,59,109989,1,0.005319148936170213,0.0,0.0,0.0,0.010638297872340425,0.005319148936170213,0.0,0.3818,0.088,0.0,0.912
2021-02-26 01:57:46,1,0,2,0,1,0,0,0,2020-10-11 19:29:43,2897,56,59,109989,1,0.005319148936170213,0.0,0.0,0.0,0.010638297872340425,0.005319148936170213,0.0,0.3818,0.088,0.0,0.912
2021-02-25 20:06:26,4,0,1,0,0,0,0,0,2021-01-11 07:48:20,674,0,10,1842,1,0.0,0.0,0.0,0.0,0.0,0.0035335689045936395,0.0,0.0,0.0,0.0,1.0
2021-02-24 01:26:00,0,6,1,0,0,0,0,0,2015-06-19 06:54:58,645,3198,14,8274,0,0.0,0.0,0.0,0.0,0.0,0.0036363636363636364,0.0,0.0,0.0,0.0,1.0
2021-02-22 21:33:38,0,0,0,0,0,0,0,0,2009-12-12 22:37:10,18,46,6,44914,0,0.0,0.0,0.0,0.0,0.0,0.0,0.0,-0.5106,0.126,0.268,0.606
2021-02-21 07:01:55,4,0,0,0,0,0,0,0,2021-01-11 07:48:20,674,0,10,1842,0,0.0,0.0,0.0,0.0,0.0,0.0036900369003690036,0.0,0.0,0.0,0.0,1.0
2021-02-21 05:50:55,1,0,2,0,0,0,0,0,2020-10-11 19:29:43,2897,56,59,109989,1,0.005319148936170213,0.0,0.0,0.0,0.010638297872340425,0.005319148936170213,0.0,0.3818,0.088,0.0,0.912
2021-02-18 11:54:46,1,0,2,0,0,0,0,0,2020-10-11 19:29:43,2897,56,59,109989,1,0.005319148936170213,0.0,0.0,0.0,0.010638297872340425,0.005319148936170213,0.0,0.3818,0.088,0.0,0.912
2021-02-14 13:58:44,1,0,2,0,0,0,0,0,2020-10-11 19:29:43,2897,56,59,109989,1,0.005319148936170213,0.0,0.0,0.0,0.010638297872340425,0.005319148936170213,0.0,0.3818,0.088,0.0,0.912
2021-02-11 18:45:19,1,0,2,0,0,0,0,0,2020-10-11 19:29:43,2897,56,59,109989,1,0.005319148936170213,0.0,0.0,0.0,0.010638297872340425,0.005319148936170213,0.0,0.3818,0.088,0.0,0.912
2021-02-09 03:32:39,1,0,2,0,0,0,0,0,2020-10-11 19:29:43,2897,56,59,109989,1,0.005319148936170213,0.0,0.0,0.0,0.010638297872340425,0.005319148936170213,0.0,0.3818,0.088,0.0,0.912
2021-02-05 22:57:55,0,0,0,0,0,0,0,0,2019-09-28 10:02:20,5,0,1,2514,0,0.0,0.0,0.0,0.0,0.0,0.007142857142857143,0.0,0.0,0.0,0.0,1.0
2021-02-05 09:35:17,1,0,1,1,0,0,0,0,2009-04-05 13:34:38,14707,11225,190,89171,0,0.004310344827586207,0.0,0.0,0.0,0.0,0.0,0.0,0.5688,0.121,0.0,0.879
2021-02-04 18:30:39,1,0,2,0,0,0,0,0,2020-10-11 19:29:43,2897,56,59,109989,1,0.005319148936170213,0.0,0.0,0.0,0.010638297872340425,0.005319148936170213,0.0,0.3818,0.088,0.0,0.912
2021-02-03 01:47:06,1,0,2,0,0,0,0,0,2020-10-11 19:29:43,2897,56,59,109989,1,0.005319148936170213,0.0,0.0,0.0,0.010638297872340425,0.005319148936170213,0.0,0.3818,0.088,0.0,0.912
2021-02-01 10:56:13,3,2,1,1,0,0,1,0,2009-04-05 13:34:38,14707,11225,190,89171,0,0.004545454545454545,0.0,0.0,0.0,0.0,0.0,0.0,0.5688,0.128,0.0,0.872
2021-01-31 01:29:54,0,0,0,0,0,0,0,0,2018-04-10 01:05:36,27,8,1,30172,0,0.0,0.0,0.0,0.0,0.0,0.0,0.0,0.1779,0.108,0.0,0.892
2021-01-27 05:17:43,0,0,1,0,0,0,0,0,2014-05-24 07:25:13,289,1542,6,21350,0,0.00909090909090909,0.0,0.00909090909090909,0.0,0.0,0.0,0.0,0.4404,0.195,0.0,0.805
2021-01-25 08:58:35,0,0,1,0,0,0,0,0,2010-07-14 08:02:43,1715,1,270,1010484,0,0.0,0.0,0.0,0.0,0.008,0.008,0.0,0.0,0.0,0.0,1.0
2021-01-20 10:54:50,1,4,1,0,0,0,0,0,2019-09-11 15:50:02,112,7,7,243156,0,0.0,0.0,0.0,0.0,0.004608294930875576,0.004608294930875576,0.0,0.0,0.0,0.0,1.0
2021-01-20 06:46:55,0,0,1,0,0,0,0,0,2015-08-18 06:21:05,933,2063,38,1221216,0,0.0,0.0,0.0,0.0,0.008,0.008,0.0,0.0,0.0,0.0,1.0
2021-01-20 06:42:02,0,0,1,0,0,0,0,0,2020-06-26 18:59:50,1201,1724,7,52238,0,0.0,0.0,0.0,0.0,0.006993006993006993,0.006993006993006993,0.0,0.0,0.0,0.0,1.0
2021-01-17 16:00:31,3,0,0,0,0,0,0,0,2019-02-22 15:14:42,1802,1,33,87183,0,0.0,0.0,0.0,0.0,0.0,0.006329113924050633,0.0,0.0,0.0,0.0,1.0
2021-01-14 09:37:32,0,0,1,0,0,0,0,0,2020-11-12 23:53:53,80,288,3,3759,0,0.0,0.007272727272727273,0.0,0.01090909090909091,0.0,0.0,0.0,-0.5994,0.0,0.091,0.909
2021-01-14 06:40:07,0,0,1,0,0,0,0,0,2010-10-14 23:31:01,1012,2985,121,138314,0,0.0035971223021582736,0.0,0.0,0.0,0.0,0.0,0.0,0.3919,0.108,0.046,0.846
2021-01-13 22:04:29,0,0,2,0,0,0,0,0,2020-06-29 18:01:15,1419,234,22,6702,0,0.0,0.0,0.0,0.0033112582781456954,0.0,0.0033112582781456954,0.0,-0.2871,0.0,0.096,0.904
2021-01-12 17:04:59,0,10,1,0,0,0,0,0,2008-10-28 15:34:16,18664,10474,354,20328,0,0.0,0.0,0.0,0.0,0.0,0.0,0.0,0.6705,0.193,0.0,0.807
2021-01-12 07:14:03,0,7,1,0,0,0,0,0,2020-04-14 16:01:15,40,42,0,250,1,0.0,0.0,0.0,0.0,0.0,0.0,0.0,0.296,0.055,0.0,0.945
2021-01-10 21:00:00,0,1,2,0,0,0,1,0,2019-03-05 17:50:10,60,37,0,1109,1,0.0,0.0,0.0,0.0,0.0,0.003289473684210526,0.003289473684210526,-0.25,0.041,0.087,0.872
2021-01-09 11:58:40,0,0,1,0,0,0,0,0,2019-09-18 09:14:09,52,4,1,137792,0,0.0,0.0,0.0,0.010526315789473684,0.0,0.0,0.0,-0.5574,0.0,0.265,0.735
2021-01-07 04:30:03,0,2,1,0,0,0,0,0,2019-03-05 17:50:10,60,37,0,1109,0,0.0035971223021582736,0.0,0.007194244604316547,0.0035971223021582736,0.0035971223021582736,0.0,0.0,0.7263,0.127,0.0,0.873
2021-01-06 20:05:45,0,0,2,0,0,0,0,0,2019-03-05 17:50:10,60,37,0,1109,1,0.0033222591362126247,0.0,0.009966777408637873,0.0033222591362126247,0.0033222591362126247,0.0033222591362126247,0.0,0.5093,0.142,0.089,0.769
2020-12-30 07:29:54,0,0,0,0,0,0,0,0,2018-04-10 01:05:36,27,8,1,30172,0,0.0,0.0,0.0,0.0,0.0,0.0,0.0,0.2732,0.116,0.0,0.884
2020-12-26 18:30:02,0,0,1,1,0,0,0,0,2012-12-02 00:28:07,7098,6344,69,116462,0,0.0,0.0,0.0,0.0,0.0,0.0,0.0,-0.25,0.0,0.074,0.926
2020-12-24 16:29:06,0,0,0,0,0,0,0,0,2009-12-12 22:37:10,18,46,6,44914,0,0.0,0.0,0.0,0.0,0.0,0.0,0.0,0.0772,0.085,0.0,0.915
2020-12-22 00:05:16,0,0,1,1,0,0,0,0,2012-08-26 01:36:05,182,533,3,5385,0,0.010638297872340425,0.0,0.0,0.0,0.0,0.0,0.0,-0.1685,0.043,0.065,0.892
2020-12-11 19:17:31,0,0,1,1,1,0,0,0,2009-04-14 11:23:30,2184,183,41,3631,0,0.0,0.0,0.0,0.0,0.0,0.00425531914893617,0.0,0.7506,0.228,0.0,0.772
2020-12-11 19:16:51,0,0,1,1,0,0,0,0,2009-04-14 11:23:30,2184,183,41,3631,0,0.0,0.003816793893129771,0.0,0.0,0.0,0.003816793893129771,0.0,0.8326,0.244,0.048,0.708
2020-12-09 08:02:02,0,0,1,0,0,0,0,0,2011-03-04 10:39:40,15588,2,290,799343,0,0.0036101083032490976,0.0036101083032490976,0.0036101083032490976,0.0,0.0,0.0036101083032490976,0.0,-0.4939,0.0,0.113,0.887
2020-12-04 22:48:26,0,5,1,0,0,0,1,1,2016-05-09 15:27:24,4486,354,50,122959,0,0.0037593984962406013,0.0,0.0,0.0,0.0,0.0,0.0,-0.1779,0.0,0.05,0.95
2020-12-01 03:00:03,0,0,1,1,0,0,0,0,2009-02-18 21:35:59,20607,13,2292,518173,0,0.0,0.0,0.010526315789473684,0.0,0.0,0.0,0.0,0.6249,0.255,0.0,0.745
2020-11-30 14:50:03,0,0,1,0,0,0,0,0,2009-02-18 21:35:59,20607,13,2292,518173,0,0.0,0.0,0.010526315789473684,0.0,0.0,0.0,0.0,0.6249,0.255,0.0,0.745
2020-11-30 14:12:27,0,0,1,0,0,0,0,0,2019-12-29 13:54:34,91,0,0,91959,0,0.0,0.0,0.010638297872340425,0.0,0.0,0.0,0.0,0.6249,0.255,0.0,0.745
2020-11-20 10:18:33,6,7,1,0,0,0,0,0,2011-05-20 21:35:52,5653,771,98,19129,0,0.0,0.0,0.0,0.0,0.0,0.0,0.0,-0.3254,0.041,0.094,0.865
2020-11-17 16:50:02,1,2,1,0,0,0,0,0,2019-04-23 06:10:31,390,82,10,117117,0,0.01,0.0,0.0,0.0,0.0,0.0,0.0,0.0,0.0,0.0,1.0
2020-11-16 12:39:03,0,0,1,0,0,0,0,0,2020-07-01 11:55:30,250,699,0,4371,0,0.0,0.0,0.0,0.007905138339920948,0.0,0.0,0.0,-0.0516,0.055,0.061,0.884
2020-11-13 10:29:18,0,0,2,0,0,1,0,0,2020-11-06 19:48:27,1,0,0,175,1,0.0,0.0,0.0,0.0,0.0,0.0,0.0,0.7717,0.161,0.0,0.839
2020-11-08 14:45:34,0,0,1,2,0,0,1,0,2020-07-01 11:55:30,250,699,0,4371,0,0.0,0.0,0.0,0.007905138339920948,0.0,0.0,0.0,-0.0516,0.055,0.061,0.884
2020-11-06 18:21:22,1,0,1,0,0,0,0,0,2019-09-24 14:04:58,577,10,7,42226,0,0.0,0.0,0.0,0.0,0.0,0.0,0.0,-0.128,0.138,0.17,0.692
2020-11-04 15:55:22,1,0,1,0,0,0,0,0,2019-09-24 14:04:58,577,10,7,42226,0,0.0,0.0,0.0,0.0,0.0,0.0,0.0,-0.128,0.158,0.194,0.647
2020-11-03 10:50:19,1,0,0,0,0,0,0,0,2019-05-09 09:30:56,2713,7,52,8939,0,0.010869565217391304,0.0,0.010869565217391304,0.0,0.0,0.0,0.0,0.6037,0.282,0.0,0.718
2020-11-03 04:57:33,1,4,1,2,0,0,2,0,2020-07-06 05:53:56,4137,467,23,32187,0,0.0,0.0,0.005681818181818182,0.0,0.0,0.0,0.0,0.34,0.103,0.0,0.897
2020-10-29 20:15:40,0,0,1,0,0,0,0,0,2017-01-09 16:57:41,122,107,5,93294,0,0.0,0.008333333333333333,0.0,0.0,0.0,0.0,0.0,0.0,0.0,0.0,1.0
2020-10-27 14:37:33,0,2,1,0,0,0,0,0,2020-03-05 08:15:41,1937,3109,5,31188,0,0.0036900369003690036,0.0,0.0,0.0,0.0,0.0,0.0,0.5267,0.106,0.0,0.894
2020-10-27 10:15:02,1,2,1,0,0,0,0,0,2019-04-23 06:10:31,390,82,10,117117,0,0.005050505050505051,0.005050505050505051,0.0,0.0,0.0,0.0,0.0,0.0,0.0,0.0,1.0
2020-10-26 19:23:46,0,0,0,0,0,0,0,0,2010-07-09 02:31:25,1511,1963,8,49458,0,0.02247191011235955,0.0,0.011235955056179775,0.0,0.0,0.0,0.0,0.0,0.154,0.154,0.691
2020-10-23 09:00:37,0,0,2,2,0,0,0,0,2015-03-06 11:21:18,2237,1481,45,5676,1,0.0,0.0,0.0,0.0,0.0,0.0,0.0,0.6908,0.137,0.0,0.863
2020-10-22 05:37:58,0,0,0,0,0,0,0,0,2019-07-30 15:41:55,11,0,0,6599,0,0.0,0.0,0.0,0.006329113924050633,0.0,0.0,0.0,0.0,0.0,0.0,1.0
2020-10-21 10:58:22,1,0,1,0,0,0,0,0,2019-09-24 14:04:58,577,10,7,42226,0,0.0,0.0,0.0,0.0,0.0,0.0,0.0,-0.128,0.158,0.194,0.647
2020-10-16 10:16:38,1,4,1,2,0,0,2,0,2020-07-06 05:53:56,4137,467,23,32187,0,0.0,0.0,0.005681818181818182,0.0,0.0,0.0,0.0,0.34,0.103,0.0,0.897
2020-10-15 10:00:13,0,0,1,0,0,0,0,0,2019-02-04 07:09:05,149,0,1,36884,0,0.0,0.009433962264150943,0.0,0.009433962264150943,0.0,0.0,0.0,0.5106,0.231,0.0,0.769
2020-10-15 08:00:01,4,4,0,2,0,1,1,0,2020-07-06 05:53:56,4137,467,23,32187,0,0.0,0.0,0.005128205128205128,0.0,0.0,0.0,0.0,0.0,0.0,0.0,1.0
2020-10-15 08:00:00,1,4,1,2,1,0,1,0,2020-07-06 05:53:56,4137,467,23,32187,1,0.0,0.0,0.005681818181818182,0.0,0.0,0.0,0.0,0.34,0.103,0.0,0.897
2020-10-15 02:58:33,0,0,1,0,0,0,0,0,2019-02-04 07:09:05,149,0,1,36884,0,0.0,0.0,0.0,0.0,0.0,0.0,0.0,0.2732,0.16,0.0,0.84
2020-10-15 02:35:28,0,0,0,0,0,0,0,0,2019-07-30 15:41:55,11,0,0,6599,0,0.0,0.0,0.0,0.006535947712418301,0.0,0.0,0.0,0.0,0.0,0.0,1.0
2020-10-14 17:00:32,6,0,0,0,0,1,0,0,2019-02-22 15:14:42,1802,1,33,87183,0,0.0,0.0,0.003816793893129771,0.0,0.0,0.003816793893129771,0.0,0.0,0.0,0.0,1.0
2020-10-08 10:16:54,0,3,1,0,0,0,1,0,2016-12-18 10:33:03,6925,3904,252,154003,0,0.0,0.0,0.0,0.0,0.0,0.0,0.0,0.6486,0.261,0.0,0.739
2020-10-07 12:38:38,0,0,0,0,0,0,0,0,2011-05-05 19:09:58,36815,40836,600,563371,0,0.0,0.0,0.0,0.0045871559633027525,0.0045871559633027525,0.0045871559633027525,0.0,0.0,0.0,0.0,1.0
2020-10-06 18:09:04,0,0,2,0,0,0,0,0,2012-01-16 11:24:14,5944,5678,155,505517,1,0.0,0.0,0.0,0.0,0.0,0.003952569169960474,0.0,0.0,0.0,0.0,1.0
2020-10-06 14:32:50,1,4,1,0,0,0,0,0,2019-09-11 15:50:02,112,7,7,243156,0,0.0,0.0,0.0,0.0,0.0,0.004739336492890996,0.0,0.0,0.0,0.0,1.0
2020-10-06 13:25:37,0,0,1,1,0,0,1,0,2009-09-14 11:46:51,7954,1798,324,16530,0,0.0,0.0,0.0,0.0,0.0,0.00684931506849315,0.0,0.0,0.0,0.0,1.0
2020-10-06 10:54:11,0,0,2,0,0,0,0,0,2008-10-27 11:45:43,1073,770,77,109935,1,0.0,0.0,0.0,0.0,0.00684931506849315,0.00684931506849315,0.0,0.3182,0.103,0.0,0.897
2020-10-06 10:22:49,0,0,1,0,0,0,0,0,2010-07-14 08:02:43,1715,1,270,1010484,0,0.0,0.0,0.0,0.0,0.0,0.008264462809917356,0.0,0.0,0.0,0.0,1.0
2020-10-06 09:59:34,0,0,1,0,0,0,0,0,2009-04-06 13:47:13,3861,2620,226,14819,0,0.0,0.0,0.0,0.0,0.0,0.00684931506849315,0.0,0.0,0.0,0.0,1.0
2020-10-06 07:25:51,0,0,2,7,0,1,4,2,2014-10-14 10:42:59,2916,340,48,2745,1,0.0,0.0,0.0,0.0,0.0,0.006756756756756757,0.0,0.0,0.0,0.0,1.0
2020-10-06 06:49:17,1,0,1,0,0,0,0,0,2012-01-24 00:00:23,7020,11,187,399977,0,0.0,0.0,0.0,0.0,0.0,0.008,0.0,0.0,0.0,0.0,1.0
2020-10-06 06:20:26,0,0,1,0,0,0,0,0,2015-08-18 06:21:05,933,2063,38,1221216,0,0.0,0.0,0.0,0.0,0.0,0.008264462809917356,0.0,0.0,0.0,0.0,1.0
2020-10-02 00:05:02,1,2,1,0,0,0,0,0,2019-04-23 06:10:31,390,82,10,117117,0,0.010050251256281407,0.0,0.0,0.0,0.0,0.0,0.0,0.0,0.0,0.0,1.0
2020-10-01 08:48:39,2,0,0,0,0,0,2,0,2014-06-15 18:18:03,1072,25,48,3285,0,0.0,0.0,0.0,0.0038461538461538464,0.0,0.0038461538461538464,0.0,0.0,0.0,0.0,1.0
2020-10-01 05:35:26,0,0,0,0,0,0,0,0,2019-07-30 15:41:55,11,0,0,6599,0,0.0,0.0,0.0,0.006172839506172839,0.0,0.0,0.0,0.0,0.0,0.0,1.0
2020-09-30 19:50:09,0,0,1,0,0,0,1,0,2020-04-01 14:50:36,21,2,1,6009,0,0.0,0.0,0.0,0.0,0.0,0.00749063670411985,0.003745318352059925,0.4767,0.084,0.0,0.916
2020-09-30 19:45:35,0,0,1,0,0,0,0,0,2014-01-13 19:49:05,179,565,3,6429,0,0.0,0.0,0.0,0.0,0.0,0.0035714285714285713,0.0,0.0,0.0,0.0,1.0
2020-09-30 17:16:13,0,0,1,0,0,1,2,0,2009-06-02 16:46:45,1811,2930,838,91763,0,0.004032258064516129,0.0,0.004032258064516129,0.0,0.0,0.004032258064516129,0.0,0.7717,0.185,0.0,0.815
2020-09-30 17:10:12,0,1,4,5,0,0,2,0,2008-05-16 01:23:24,86762,2846,854,123982,1,0.0038910505836575876,0.0038910505836575876,0.0,0.0038910505836575876,0.0,0.0,0.0,0.128,0.071,0.059,0.87
2020-09-29 10:53:02,5,0,1,0,0,0,0,0,2019-04-14 00:38:54,2742,1,65,16355,0,0.0035842293906810036,0.0,0.0035842293906810036,0.0,0.0,0.0,0.0,0.5574,0.111,0.0,0.889
2020-09-27 15:30:12,0,0,0,5,0,0,0,0,2020-03-25 18:31:10,1021,633,15,7667,0,0.0,0.0,0.0,0.0,0.0,0.0,0.0,-0.5423,0.0,0.467,0.533
2020-09-26 09:22:34,0,0,0,0,0,0,0,0,2011-07-07 21:01:44,10,0,0,33656,0,0.0,0.0,0.0,0.021505376344086023,0.0,0.0,0.0,-0.6369,0.0,0.302,0.698
2020-09-23 12:43:01,5,0,1,1,0,0,0,0,2019-04-14 00:38:54,2742,1,65,16355,0,0.0036496350364963502,0.0,0.0036496350364963502,0.0,0.0,0.0,0.0,0.5267,0.123,0.044,0.833
2020-09-23 11:30:17,0,0,0,0,0,0,0,0,2018-04-10 01:05:36,27,8,1,30172,0,0.0,0.0,0.0,0.010638297872340425,0.0,0.0,0.0,0.0,0.0,0.0,1.0
2020-09-17 13:13:02,5,0,1,0,0,0,0,0,2019-04-14 00:38:54,2742,1,65,16355,0,0.0037313432835820895,0.0,0.0037313432835820895,0.0,0.0,0.0,0.0,0.3612,0.06,0.0,0.94
2020-09-16 08:05:02,1,2,1,0,0,0,0,0,2019-04-23 06:10:31,390,82,10,117117,0,0.004901960784313725,0.004901960784313725,0.0,0.0,0.0,0.0,0.0,0.0,0.0,0.0,1.0
2020-09-16 06:21:05,0,0,0,0,0,0,0,0,2011-07-07 21:01:44,10,0,0,33656,0,0.0,0.0,0.0,0.0,0.0,0.0,0.0,0.4588,0.2,0.0,0.8
2020-09-15 21:21:30,0,0,0,0,0,0,0,0,2011-07-07 21:01:44,10,0,0,33656,0,0.0,0.0,0.0,0.024096385542168676,0.0,0.0,0.0,-0.6369,0.0,0.321,0.679
2020-09-15 13:33:02,5,0,1,0,0,0,0,0,2019-04-14 00:38:54,2742,1,65,16355,0,0.0036231884057971015,0.0036231884057971015,0.0036231884057971015,0.0,0.0,0.0,0.0,0.3612,0.056,0.0,0.944
2020-09-12 17:35:38,0,0,0,0,0,0,0,0,2019-07-30 15:41:55,11,0,0,6599,0,0.0,0.0,0.0,0.006329113924050633,0.0,0.0,0.0,0.0,0.0,0.0,1.0
2020-09-12 16:28:30,1,3,1,0,0,0,0,0,2015-02-01 14:34:30,29283,1346,138,34161,0,0.0,0.0,0.0,0.0,0.0,0.0,0.0,0.296,0.121,0.0,0.879
2020-09-10 12:28:31,1,3,1,0,0,0,0,0,2015-02-01 14:34:30,29283,1346,138,34161,0,0.0,0.0,0.0,0.0,0.0,0.0,0.0,0.296,0.121,0.0,0.879
2020-09-07 13:03:55,1,6,5,0,0,0,0,0,2016-03-07 23:17:57,2693,4724,56,66452,1,0.0,0.0,0.0,0.0,0.003355704697986577,0.0,0.0,0.2023,0.114,0.072,0.814
2020-08-31 15:33:01,5,0,1,0,0,0,0,0,2019-04-14 00:38:54,2742,1,65,16355,0,0.0037174721189591076,0.0,0.0037174721189591076,0.0,0.0,0.0,0.0,0.5423,0.106,0.0,0.894
2020-08-28 20:23:25,0,0,0,0,0,0,0,0,2009-12-12 22:37:10,18,46,6,44914,0,0.0,0.0,0.0,0.0,0.0,0.0,0.0,0.2263,0.195,0.131,0.673
2020-08-20 15:23:02,5,0,1,1,0,0,0,0,2019-04-14 00:38:54,2742,1,65,16355,0,0.004273504273504274,0.0,0.004273504273504274,0.0,0.0,0.0,0.0,0.3612,0.067,0.0,0.933
2020-08-20 14:03:01,5,0,1,0,0,0,1,0,2019-04-14 00:38:54,2742,1,65,16355,0,0.004081632653061225,0.0,0.004081632653061225,0.0,0.0,0.0,0.0,0.0688,0.065,0.058,0.878
2020-08-20 13:53:01,5,0,1,0,0,0,0,0,2019-04-14 00:38:54,2742,1,65,16355,0,0.003663003663003663,0.0,0.003663003663003663,0.0,0.0,0.0,0.0,0.1531,0.06,0.046,0.894
2020-08-20 13:23:02,5,0,1,0,0,0,0,0,2019-04-14 00:38:54,2742,1,65,16355,0,0.0037313432835820895,0.0,0.0037313432835820895,0.0,0.0,0.0,0.0,0.1531,0.063,0.048,0.888
2020-08-20 13:13:02,5,0,1,0,0,0,0,0,2019-04-14 00:38:54,2742,1,65,16355,0,0.0038910505836575876,0.0,0.0038910505836575876,0.0,0.0,0.0,0.0,0.1531,0.063,0.048,0.888
2020-08-18 13:13:02,5,0,1,0,0,0,0,0,2019-04-14 00:38:54,2742,1,65,16355,0,0.0036231884057971015,0.0,0.0036231884057971015,0.0,0.0,0.0,0.0,0.1531,0.062,0.047,0.891
2020-08-18 12:43:02,5,0,1,0,0,0,0,0,2019-04-14 00:38:54,2742,1,65,16355,0,0.0035971223021582736,0.0,0.0035971223021582736,0.0,0.0,0.0,0.0,0.5372,0.153,0.051,0.797
2020-08-18 12:13:02,5,0,1,0,0,0,0,0,2019-04-14 00:38:54,2742,1,65,16355,0,0.003787878787878788,0.0,0.003787878787878788,0.0,0.0,0.0,0.0,0.5574,0.111,0.0,0.889
2020-08-17 13:33:01,5,0,1,0,0,0,0,0,2019-04-14 00:38:54,2742,1,65,16355,0,0.0037313432835820895,0.0,0.0037313432835820895,0.0,0.0,0.0,0.0,0.3612,0.06,0.0,0.94
2020-08-14 15:03:01,5,0,1,1,0,0,0,0,2019-04-14 00:38:54,2742,1,65,16355,0,0.003787878787878788,0.0,0.003787878787878788,0.0,0.0,0.0,0.0,0.5574,0.108,0.0,0.892
2020-08-14 12:13:01,5,0,1,0,0,0,0,0,2019-04-14 00:38:54,2742,1,65,16355,0,0.003703703703703704,0.0,0.003703703703703704,0.0,0.0,0.0,0.0,-0.0772,0.056,0.086,0.858
2020-08-13 11:38:45,0,4,1,1,0,0,0,0,2009-04-14 11:23:30,2184,183,41,3631,0,0.0,0.0,0.0,0.0,0.003875968992248062,0.003875968992248062,0.0,0.0,0.0,0.0,1.0
2020-08-13 03:33:00,0,0,2,0,0,0,0,0,2012-08-01 01:16:53,555,595,6,259183,1,0.0,0.0,0.0,0.0,0.0,0.005025125628140704,0.005025125628140704,0.0,0.0,0.0,1.0
2020-08-10 06:23:00,1,0,1,0,0,0,0,0,2019-10-26 11:38:58,624,1781,16,28832,0,0.0111731843575419,0.0111731843575419,0.00558659217877095,0.00558659217877095,0.0,0.0,0.0,-0.4201,0.123,0.212,0.665
2020-08-05 21:25:28,0,0,1,0,0,0,0,0,2020-04-27 13:30:31,144,153,4,75505,0,0.0035842293906810036,0.0,0.0,0.0,0.0,0.0,0.0,0.5267,0.104,0.0,0.896
2020-08-04 14:06:05,0,0,1,0,0,0,0,0,2020-08-03 19:42:48,4,0,0,962,1,0.0036496350364963502,0.0036496350364963502,0.0,0.0,0.0,0.0,0.0,0.0,0.0,0.0,1.0
2020-08-02 15:15:02,0,0,2,0,0,0,0,0,2018-07-31 06:09:34,17,1,0,3042,1,0.006802721088435374,0.0,0.006802721088435374,0.0,0.013605442176870748,0.0,0.0,0.6597,0.265,0.0,0.735
2020-08-02 14:02:54,0,6,1,0,0,0,0,1,2012-05-09 21:30:36,2805,157,71,146397,0,0.004524886877828055,0.0,0.004524886877828055,0.0,0.00904977375565611,0.0,0.004524886877828055,0.6597,0.184,0.0,0.816
2020-08-02 13:53:03,0,0,1,0,0,0,0,0,2019-11-11 01:39:37,566,101,13,54932,1,0.008130081300813009,0.0,0.008130081300813009,0.0,0.016260162601626018,0.0,0.0,0.6597,0.278,0.0,0.722
2020-08-02 06:23:08,0,0,0,0,0,0,0,0,2018-04-10 01:05:36,27,8,1,30172,0,0.0,0.0,0.0,0.0,0.0,0.0,0.0,0.2732,0.123,0.0,0.877
2020-08-01 07:40:37,0,0,2,0,0,0,0,0,2020-08-01 05:23:11,0,0,0,206,1,0.0,0.0,0.0,0.003424657534246575,0.0,0.0,0.0,0.2263,0.112,0.065,0.823
2020-07-31 08:24:04,0,0,0,0,0,0,0,0,2018-04-10 01:05:36,27,8,1,30172,0,0.0,0.0,0.0,0.0,0.0,0.008130081300813009,0.0,0.0,0.0,0.0,1.0
2020-07-30 23:21:18,0,0,0,0,0,0,0,0,2009-12-12 22:37:10,18,46,6,44914,0,0.0,0.0,0.0,0.0,0.0,0.0,0.0,-0.9022,0.0,0.41,0.59
2020-07-30 13:01:13,0,0,2,0,0,0,0,0,2020-07-10 20:25:10,0,0,0,480,1,0.0,0.0,0.0,0.0,0.0,0.0,0.0,0.2732,0.057,0.0,0.943
2020-07-29 03:51:28,0,0,2,0,0,0,0,0,2020-06-29 17:51:06,4,0,0,367,1,0.0,0.0,0.0,0.0034602076124567475,0.0,0.0,0.0,-0.5859,0.059,0.145,0.795
2020-07-28 23:59:20,0,0,2,0,0,0,0,0,2020-07-11 05:07:22,0,0,0,145,1,0.0,0.0,0.0,0.0,0.0,0.0,0.0,0.5719,0.142,0.054,0.804
2020-07-25 00:37:19,0,0,0,0,0,0,0,0,2019-09-28 10:02:20,5,0,1,2514,0,0.0,0.0,0.0,0.0,0.0,0.007194244604316547,0.0,0.0,0.0,0.0,1.0
2020-07-24 00:42:58,0,0,0,0,0,0,0,0,2019-09-28 10:02:20,5,0,1,2514,0,0.0,0.0,0.0,0.0,0.0,0.007194244604316547,0.0,0.0,0.0,0.0,1.0
2020-07-23 00:31:23,0,0,0,0,0,0,0,0,2019-09-28 10:02:20,5,0,1,2514,0,0.0,0.0,0.0,0.0,0.0,0.007194244604316547,0.0,0.0,0.0,0.0,1.0
2020-07-20 09:52:33,0,0,1,0,0,0,0,0,2019-02-19 10:56:43,6,130,0,8592,0,0.0,0.0,0.0,0.0,0.0,0.009009009009009009,0.0,0.0,0.0,0.0,1.0
2020-07-20 09:51:04,0,0,1,0,0,0,0,0,2019-07-11 10:49:29,6,11,0,9894,0,0.0,0.0,0.0,0.0,0.0,0.009009009009009009,0.0,0.0,0.0,0.0,1.0
2020-07-16 13:43:01,5,0,1,0,0,0,0,0,2019-04-14 00:38:54,2742,1,65,16355,0,0.003663003663003663,0.0,0.003663003663003663,0.0,0.0,0.0,0.0,0.3612,0.06,0.0,0.94
2020-07-16 11:43:02,5,0,1,0,0,0,0,0,2019-04-14 00:38:54,2742,1,65,16355,0,0.0035971223021582736,0.0,0.0035971223021582736,0.0,0.0,0.0,0.0,0.3612,0.057,0.0,0.943
2020-07-16 10:43:02,5,0,1,0,0,0,0,0,2019-04-14 00:38:54,2742,1,65,16355,0,0.004016064257028112,0.0,0.004016064257028112,0.0,0.0,0.0,0.0,0.5574,0.119,0.0,0.881
2020-07-12 08:36:31,0,0,0,0,0,0,0,0,2019-07-30 15:41:55,11,0,0,6599,0,0.0,0.0,0.006172839506172839,0.006172839506172839,0.0,0.0,0.0,0.4767,0.136,0.0,0.864
2020-07-06 12:53:14,1,15,5,0,0,0,0,0,2016-03-08 00:43:05,3924,299,57,37315,1,0.0,0.0,0.0,0.0,0.0,0.0,0.0,0.4588,0.103,0.0,0.897
2020-07-02 20:21:29,0,0,0,0,0,0,0,0,2009-12-12 22:37:10,18,46,6,44914,0,0.0,0.0,0.0,0.0,0.0,0.0,0.0,0.4939,0.186,0.0,0.814
2020-06-26 13:13:02,5,0,1,0,0,0,0,0,2019-04-14 00:38:54,2742,1,65,16355,0,0.00411522633744856,0.0,0.00411522633744856,0.0,0.0,0.0,0.0,0.3612,0.065,0.0,0.935
2020-06-25 15:19:50,1,15,5,0,0,0,0,0,2015-12-17 07:19:55,5281,4866,75,64518,1,0.0,0.0,0.0,0.0,0.0,0.0,0.0,0.4588,0.103,0.0,0.897
2020-06-23 14:30:25,1,15,5,1,0,0,0,0,2015-12-17 07:19:55,5281,4866,75,64518,1,0.0,0.0,0.0,0.0,0.0,0.0,0.0,0.4588,0.103,0.0,0.897
2020-06-22 17:19:59,0,0,0,0,0,0,0,0,2009-12-12 22:37:10,18,46,6,44914,0,0.0,0.00980392156862745,0.0,0.00980392156862745,0.0,0.0,0.0,0.2732,0.197,0.146,0.657
2020-06-21 13:16:12,0,0,0,0,0,0,0,0,2020-05-01 10:00:00,6,3,0,1247,0,0.00546448087431694,0.0,0.0,0.0,0.0,0.0,0.00546448087431694,0.0,0.0,0.0,1.0
2020-06-17 15:00:20,1,1,1,0,0,0,0,0,2017-06-07 05:08:52,198,1338,5,58331,0,0.0,0.0,0.0,0.011235955056179775,0.0,0.0,0.0,0.0,0.0,0.0,1.0
2020-06-13 05:16:56,0,0,0,0,0,0,0,0,2020-05-01 10:00:00,6,3,0,1247,0,0.0040650406504065045,0.0,0.0,0.0,0.0,0.0,0.0040650406504065045,0.0,0.0,0.0,1.0
2020-06-09 20:16:03,0,0,0,0,0,0,0,0,2011-02-14 04:52:45,27,0,0,37686,0,0.0,0.0,0.0,0.0,0.0,0.0,0.0,-0.296,0.0,0.167,0.833
2020-06-09 06:10:33,0,8,2,0,0,0,0,0,2020-03-26 12:48:57,554,1916,4,5189,1,0.0,0.003355704697986577,0.0,0.006711409395973154,0.0,0.003355704697986577,0.0,0.4215,0.078,0.0,0.922
2020-06-08 15:28:22,1,0,1,0,0,0,0,0,2019-09-24 14:04:58,577,10,7,42226,0,0.0,0.0,0.0,0.0,0.0,0.0,0.0,-0.128,0.158,0.194,0.647
2020-06-04 22:50:01,1,2,1,0,0,0,0,0,2019-04-23 06:10:31,390,82,10,117117,0,0.009950248756218905,0.0,0.0,0.0,0.0,0.0,0.0,0.0,0.0,0.0,1.0
2020-06-04 16:18:40,0,0,0,0,0,0,0,0,2020-06-01 11:25:52,281,6,5,26303,0,0.0,0.0,0.0,0.0,0.0,0.0,0.0,0.7906,0.186,0.0,0.814
2020-06-01 10:43:10,0,2,1,2,0,0,2,1,2009-10-08 09:24:42,5397,1029,227,3391,0,0.0,0.0,0.004329004329004329,0.0,0.0,0.004329004329004329,0.0,0.5859,0.151,0.0,0.849
2020-06-01 01:21:05,0,0,0,0,0,0,0,0,2009-12-12 22:37:10,18,46,6,44914,0,0.0,0.009345794392523364,0.0,0.009345794392523364,0.0,0.0,0.0,0.0258,0.18,0.133,0.687
2020-05-30 15:16:51,0,5,1,3,0,0,0,1,2018-09-20 22:31:59,766,604,4,556,1,0.0,0.0,0.0,0.0,0.0,0.0,0.0,-0.2537,0.096,0.174,0.73
2020-05-27 13:23:02,5,0,1,0,0,0,0,0,2019-04-14 00:38:54,2742,1,65,16355,0,0.003861003861003861,0.0,0.003861003861003861,0.0,0.0,0.0,0.0,0.3612,0.063,0.0,0.937
2020-05-26 14:19:14,0,2,3,0,0,0,0,0,2019-11-27 16:21:43,248,158,3,130613,1,0.0,0.0,0.0,0.0,0.0,0.0,0.0,-0.4019,0.0,0.137,0.863
2020-05-26 14:16:33,0,0,2,0,0,0,0,0,2009-07-25 23:46:54,9224,81,306,124525,1,0.0,0.0,0.0,0.0,0.0,0.0,0.0,-0.4019,0.0,0.137,0.863
2020-05-26 13:49:21,1,8,6,0,0,0,0,0,2011-12-16 06:23:17,5133,87,69,72682,1,0.0,0.0,0.0,0.0,0.004032258064516129,0.0,0.0,0.296,0.084,0.0,0.916
2020-05-14 22:20:33,0,0,0,0,0,0,0,0,2009-12-12 22:37:10,18,46,6,44914,0,0.0,0.0,0.0,0.0,0.0,0.0,0.0,0.5423,0.209,0.0,0.791
2020-05-11 09:08:18,0,0,2,0,0,0,0,0,2011-03-11 21:40:59,1590,716,34,3186,1,0.0,0.0,0.0,0.0,0.0,0.00546448087431694,0.0,0.5106,0.142,0.0,0.858
2020-05-08 11:00:20,1,1,1,0,0,0,0,0,2017-06-07 05:08:52,198,1338,5,58331,0,0.0,0.0,0.0,0.0,0.0,0.0,0.0,-0.128,0.0,0.176,0.824
2020-05-07 09:42:04,0,0,1,0,0,0,0,0,2012-02-29 18:06:41,347,916,12,9482,0,0.0,0.0,0.0,0.0,0.0,0.004201680672268907,0.0,0.296,0.068,0.0,0.932
2020-05-06 17:52:12,0,0,1,0,1,0,0,0,2010-08-30 22:43:33,25866,1741,210,29304,1,0.0,0.0,0.0,0.0,0.0,0.007407407407407408,0.0,0.296,0.056,0.0,0.944
2020-04-30 00:45:59,0,0,0,0,0,0,0,0,2019-09-28 10:02:20,5,0,1,2514,0,0.0,0.0,0.0,0.0,0.0,0.007194244604316547,0.0,0.0,0.0,0.0,1.0
2020-04-29 00:36:40,0,0,0,0,0,0,0,0,2019-09-28 10:02:20,5,0,1,2514,0,0.0,0.0,0.0,0.0,0.0,0.007194244604316547,0.0,0.0,0.0,0.0,1.0
2020-04-27 12:22:30,5,0,1,0,0,0,0,0,2019-04-14 00:38:54,2742,1,65,16355,0,0.0035714285714285713,0.0,0.0035714285714285713,0.0,0.0,0.0,0.0,0.3612,0.054,0.0,0.946
2020-04-27 10:41:06,0,0,1,0,0,0,0,0,2020-04-20 22:16:11,90,28,3,22989,0,0.0,0.0,0.0,0.0,0.0,0.0,0.0,0.296,0.128,0.0,0.872
2020-04-21 15:28:21,1,0,1,0,0,0,0,0,2019-09-24 14:04:58,577,10,7,42226,0,0.0,0.0,0.0,0.0,0.0,0.0,0.0,-0.128,0.158,0.194,0.647
2020-04-21 11:52:36,5,0,1,0,1,0,0,0,2019-04-14 00:38:54,2742,1,65,16355,0,0.004219409282700422,0.0,0.004219409282700422,0.0,0.0,0.0,0.0,0.3612,0.068,0.0,0.932
2020-04-21 05:09:53,0,6,1,1,0,0,0,0,2015-11-02 06:07:46,136,2,4,10267,0,0.0,0.0,0.0,0.0,0.006329113924050633,0.0,0.0,0.0,0.0,0.0,1.0
2020-04-17 13:24:33,0,0,1,0,0,0,0,0,2019-11-11 01:39:37,566,101,13,54932,1,0.0,0.0,0.0,0.007194244604316547,0.0,0.0,0.0,-0.3919,0.0,0.169,0.831
2020-04-16 22:25:36,0,0,0,0,0,0,0,0,2009-12-12 22:37:10,18,46,6,44914,0,0.0,0.0,0.0,0.0,0.0,0.0,0.0,0.8173,0.319,0.0,0.681
2020-04-16 12:12:41,5,0,1,0,0,0,0,0,2019-04-14 00:38:54,2742,1,65,16355,0,0.0038461538461538464,0.0,0.0038461538461538464,0.0,0.0,0.0,0.0,0.3612,0.063,0.0,0.937
2020-04-16 11:24:41,0,0,0,0,0,0,0,0,2018-04-10 01:05:36,27,8,1,30172,0,0.0,0.0,0.0,0.0,0.0,0.0,0.0,0.34,0.156,0.0,0.844
2020-04-14 14:22:43,5,0,1,0,0,0,0,0,2019-04-14 00:38:54,2742,1,65,16355,0,0.0037735849056603774,0.0,0.0037735849056603774,0.0,0.0,0.0,0.0,0.3612,0.065,0.0,0.935
2020-04-14 13:05:03,0,0,1,0,0,0,0,0,2017-01-11 16:18:20,86,282,1,652,0,0.00390625,0.0,0.0,0.0078125,0.0,0.00390625,0.0,0.1531,0.122,0.082,0.796
2020-04-14 13:01:04,0,0,1,0,0,0,0,0,2017-01-05 16:11:13,36,11,0,268,0,0.00390625,0.0,0.0,0.0078125,0.0,0.00390625,0.0,0.1531,0.122,0.082,0.796
2020-04-14 12:24:44,0,0,0,0,0,0,0,0,2018-04-10 01:05:36,27,8,1,30172,0,0.0,0.0,0.0,0.0,0.0,0.0,0.0,0.2732,0.116,0.0,0.884
2020-04-14 12:01:44,0,0,1,0,0,0,0,0,2017-06-29 11:33:40,84,104,1,846,0,0.00390625,0.0,0.0,0.0078125,0.0,0.00390625,0.0,0.1531,0.122,0.082,0.796
2020-04-14 10:12:54,0,0,1,0,0,0,0,0,2017-06-28 16:11:19,83,123,1,538,0,0.00390625,0.0,0.0,0.0078125,0.0,0.00390625,0.0,0.1531,0.122,0.082,0.796
2020-04-07 14:59:49,0,0,1,0,0,0,0,0,2017-01-11 16:18:20,86,282,1,652,0,0.004464285714285714,0.008928571428571428,0.0,0.004464285714285714,0.0,0.004464285714285714,0.0,0.2263,0.117,0.062,0.821
2020-04-07 14:55:22,0,0,1,0,0,0,0,0,2017-06-29 11:33:40,84,104,1,846,0,0.004464285714285714,0.008928571428571428,0.0,0.004464285714285714,0.0,0.004464285714285714,0.0,0.2263,0.117,0.062,0.821
2020-04-07 14:43:14,0,0,1,0,0,0,0,0,2017-01-05 16:11:13,36,11,0,268,0,0.004464285714285714,0.008928571428571428,0.0,0.004464285714285714,0.0,0.004464285714285714,0.0,0.2263,0.117,0.062,0.821
2020-04-07 10:13:44,0,0,1,0,0,0,0,0,2017-09-22 11:38:21,119,547,0,641,0,0.004464285714285714,0.008928571428571428,0.0,0.004464285714285714,0.0,0.004464285714285714,0.0,0.2263,0.117,0.062,0.821
2020-04-07 09:49:18,0,0,1,0,0,0,0,0,2017-06-28 16:11:19,83,123,1,538,0,0.004464285714285714,0.008928571428571428,0.0,0.004464285714285714,0.0,0.004464285714285714,0.0,0.2263,0.117,0.062,0.821
2020-04-07 04:39:34,0,0,3,0,0,0,0,0,2010-03-08 11:14:34,161329,152399,2582,2462196,1,0.0,0.0,0.0,0.0,0.0,0.0,0.0,0.6166,0.201,0.0,0.799
2020-04-01 17:15:23,0,0,1,0,0,0,0,0,2017-09-22 11:38:21,119,547,0,641,0,0.00390625,0.0,0.0,0.0078125,0.0,0.00390625,0.0,0.1531,0.122,0.082,0.796
2020-03-26 12:42:30,5,0,1,0,0,0,0,0,2019-04-14 00:38:54,2742,1,65,16355,0,0.0035971223021582736,0.0,0.0035971223021582736,0.0,0.0,0.0,0.0,0.3612,0.059,0.0,0.941
2020-03-26 01:17:36,0,0,0,0,0,0,0,0,2011-02-14 04:52:45,27,0,0,37686,0,0.0,0.0,0.0,0.0,0.0,0.0,0.0,-0.4588,0.0,0.188,0.812
2020-03-23 10:53:32,1,0,1,0,0,0,0,0,2010-03-08 11:14:34,161329,152399,2582,2462196,0,0.008547008547008548,0.0,0.0,0.0,0.0,0.0,0.0,0.9246,0.47,0.0,0.53
2020-03-23 08:38:03,0,0,0,0,0,0,0,0,2019-07-30 15:41:55,11,0,0,6599,0,0.0,0.0,0.0,0.006369426751592357,0.0,0.0,0.0,0.0,0.0,0.0,1.0
2020-03-18 23:00:11,1,1,1,0,0,0,1,0,2017-06-07 05:08:52,198,1338,5,58331,0,0.0125,0.0,0.0,0.0,0.0,0.0,0.0,0.2732,0.231,0.0,0.769
2020-03-17 06:33:50,0,0,0,0,0,0,0,0,2018-04-10 01:05:36,27,8,1,30172,0,0.011363636363636364,0.0,0.011363636363636364,0.0,0.0,0.0,0.0,0.4767,0.205,0.0,0.795
2020-03-12 17:35:06,0,0,1,0,0,0,0,0,2012-08-01 01:16:53,555,595,6,259183,0,0.0,0.0,0.005291005291005291,0.0,0.0,0.0,0.0,0.5267,0.116,0.0,0.884
2020-03-12 10:01:04,1,0,1,0,0,0,0,0,2010-03-08 11:14:34,161329,152399,2582,2462196,0,0.008547008547008548,0.0,0.0,0.0,0.0,0.0,0.0,0.9246,0.47,0.0,0.53
2020-03-11 15:45:31,1,0,1,0,0,0,0,0,2010-03-08 11:14:34,161329,152399,2582,2462196,0,0.0,0.0,0.0,0.0,0.0,0.0,0.0,0.6408,0.294,0.115,0.591
2020-03-11 14:23:58,0,0,0,0,0,0,0,0,2009-12-12 22:37:10,18,46,6,44914,0,0.007042253521126761,0.0,0.007042253521126761,0.0,0.0,0.0,0.0,0.836,0.355,0.0,0.645
2020-03-09 19:09:22,1,0,1,0,0,0,0,0,2019-09-24 14:04:58,577,10,7,42226,0,0.0,0.0,0.0,0.0,0.0,0.0,0.0,-0.128,0.158,0.194,0.647
2020-03-09 10:23:33,1,0,1,0,0,0,0,0,2010-03-08 11:14:34,161329,152399,2582,2462196,0,0.0,0.0,0.0,0.0,0.0,0.0,0.0,0.6408,0.294,0.115,0.591
2020-03-07 01:48:15,0,0,1,0,0,0,0,0,2012-08-01 01:16:53,555,595,6,259183,0,0.005319148936170213,0.0,0.0,0.0,0.0,0.0,0.0,0.3182,0.078,0.0,0.922
2020-03-06 18:42:47,0,6,1,0,0,0,0,1,2012-05-09 21:30:36,2805,157,71,146397,0,0.0,0.0,0.0,0.0,0.0,0.0,0.0049261083743842365,0.0,0.0,0.0,1.0
2020-03-05 21:01:25,0,0,1,0,0,0,0,0,2012-08-01 01:16:53,555,595,6,259183,0,0.0,0.0,0.005319148936170213,0.0,0.0,0.0,0.0,0.6908,0.192,0.0,0.808
2020-03-04 07:00:16,1,1,1,0,0,0,0,0,2017-06-07 05:08:52,198,1338,5,58331,0,0.0,0.0,0.0,0.0,0.0,0.0,0.0,-0.128,0.0,0.176,0.824
2020-02-27 11:05:08,1,0,1,0,0,0,0,0,2010-03-08 11:14:34,161329,152399,2582,2462196,0,0.0,0.0,0.0,0.0,0.0,0.0,0.0,0.7885,0.317,0.0,0.683
2020-02-24 22:15:24,1,0,1,0,1,0,0,0,2019-05-30 06:49:04,19109,181,347,880123,0,0.0,0.0,0.007518796992481203,0.0,0.0,0.007518796992481203,0.0,0.0,0.0,0.0,1.0
2020-02-24 16:57:50,0,0,1,0,0,0,0,0,2015-08-18 06:21:05,933,2063,38,1221216,0,0.0,0.0,0.006944444444444444,0.0,0.0,0.006944444444444444,0.0,0.0,0.0,0.0,1.0
2020-02-24 16:24:52,0,0,1,0,0,0,0,0,2010-08-14 15:40:41,1850,4292,22,85089,0,0.0,0.0,0.006993006993006993,0.0,0.0,0.006993006993006993,0.0,0.0,0.0,0.0,1.0
2020-02-24 08:01:31,0,1,2,15,1,1,0,0,2009-01-14 13:53:44,3162,643,44,4526,1,0.0034602076124567475,0.0,0.0,0.0,0.0034602076124567475,0.0,0.0,0.0,0.0,0.0,1.0
2020-02-21 11:53:01,5,0,1,0,0,0,0,0,2019-04-14 00:38:54,2742,1,65,16355,0,0.0037593984962406013,0.0,0.0037593984962406013,0.0,0.0,0.0,0.0,0.3612,0.062,0.0,0.938
2020-02-20 13:43:01,5,0,1,0,0,0,0,0,2019-04-14 00:38:54,2742,1,65,16355,0,0.0036496350364963502,0.0,0.0036496350364963502,0.0,0.0,0.0,0.0,0.3612,0.062,0.0,0.938
2020-02-20 09:56:40,0,0,0,0,0,0,0,0,2016-11-21 20:55:34,341,65,0,18773,0,0.0,0.0,0.0,0.0,0.0,0.0,0.0,0.25,0.091,0.0,0.909
2020-02-19 12:08:35,0,0,1,0,0,0,0,0,2020-01-18 08:59:55,9,1,0,3781,0,0.0,0.0,0.0,0.0,0.0,0.0,0.0,0.2263,0.112,0.0,0.888
2020-02-18 11:33:02,5,0,1,0,0,0,0,0,2019-04-14 00:38:54,2742,1,65,16355,0,0.00392156862745098,0.0,0.00392156862745098,0.0,0.0,0.0,0.0,0.5574,0.116,0.0,0.884
2020-02-18 11:23:01,5,0,1,0,0,0,0,0,2019-04-14 00:38:54,2742,1,65,16355,0,0.0037174721189591076,0.0,0.0037174721189591076,0.0,0.0,0.0,0.0,0.3328,0.107,0.052,0.84
2020-02-14 22:57:31,0,0,2,0,0,0,0,0,2020-01-18 08:59:55,9,1,0,3781,1,0.0,0.0,0.0,0.0,0.0,0.0,0.0,0.1531,0.103,0.0,0.897
2020-02-13 19:03:22,1,0,1,0,0,0,0,0,2019-09-24 14:04:58,577,10,7,42226,0,0.0,0.0,0.0,0.0,0.0,0.0,0.0,-0.128,0.158,0.194,0.647
2020-02-11 14:20:34,0,0,2,0,0,0,0,0,2018-06-11 20:37:22,3407,104,38,472190,1,0.0,0.0,0.0,0.0,0.0,0.006369426751592357,0.0,0.0,0.0,0.0,1.0
2020-02-11 10:13:45,0,0,2,0,0,0,0,0,2020-01-18 08:59:55,9,1,0,3781,1,0.008333333333333333,0.0,0.008333333333333333,0.0,0.016666666666666666,0.0,0.0,0.4215,0.203,0.0,0.797
2020-02-08 22:24:20,0,0,1,0,0,0,0,0,2018-08-02 21:08:31,437,1062,0,406334,0,0.0,0.0,0.0,0.0,0.00819672131147541,0.0,0.0,0.3612,0.152,0.0,0.848
2020-02-08 19:12:41,0,6,1,0,0,0,0,1,2012-05-09 21:30:36,2805,157,71,146397,0,0.0,0.0,0.0,0.0,0.004545454545454545,0.0,0.004545454545454545,0.3612,0.094,0.0,0.906
2020-02-08 12:32:04,0,0,2,0,0,0,0,0,2019-12-12 04:41:17,230,5,2,24948,1,0.0,0.0,0.0,0.0,0.00684931506849315,0.0,0.0,0.3612,0.143,0.0,0.857
2020-02-08 12:15:35,0,0,1,0,0,0,0,0,2019-11-11 01:39:37,566,101,13,54932,1,0.0,0.0,0.0,0.0,0.00819672131147541,0.0,0.0,0.3612,0.152,0.0,0.848
2020-02-08 10:53:13,0,0,1,0,0,0,0,0,2010-08-14 15:40:41,1850,4292,22,85089,0,0.0,0.0,0.0,0.0,0.00819672131147541,0.0,0.0,0.3612,0.152,0.0,0.848
2020-02-08 10:43:19,0,1,0,0,0,0,0,0,2011-04-15 18:43:34,2590,3425,16,29762,0,0.0,0.0,0.0,0.0,0.004405286343612335,0.0,0.0,0.3612,0.072,0.0,0.928
2020-02-08 10:14:55,0,0,1,0,0,0,0,0,2010-08-14 15:40:41,1850,4292,22,85089,0,0.0,0.0,0.0,0.0,0.00819672131147541,0.0,0.0,0.3612,0.152,0.0,0.848
2020-02-01 18:46:22,1,0,1,0,0,0,0,0,2019-09-24 14:04:58,577,10,7,42226,0,0.0,0.0,0.0,0.0,0.0,0.0,0.0,-0.128,0.138,0.17,0.692
2020-01-31 18:44:22,1,0,1,0,0,0,0,0,2019-09-24 14:04:58,577,10,7,42226,0,0.0,0.0,0.0,0.0,0.0,0.0,0.0,-0.128,0.138,0.17,0.692
2020-01-29 19:43:04,2,0,0,2,0,0,3,0,2014-06-15 18:18:03,1072,25,48,3285,0,0.0,0.0,0.0,0.0,0.0,0.004524886877828055,0.0,0.7269,0.179,0.0,0.821
2020-01-28 12:11:16,0,1,1,0,0,0,0,0,2018-10-17 07:18:24,5977,4674,37,490764,0,0.005076142131979695,0.0,0.0,0.0,0.0,0.0,0.0,0.4215,0.123,0.0,0.877
2020-01-27 10:53:28,0,0,0,9,0,0,1,0,2010-01-11 22:43:32,1833,1709,7,21276,0,0.00823045267489712,0.00411522633744856,0.00823045267489712,0.00411522633744856,0.0,0.0,0.0,0.4007,0.172,0.101,0.726
2020-01-23 18:07:28,0,0,1,2,0,0,1,1,2010-06-28 14:19:01,6768,257,176,1702,0,0.004310344827586207,0.004310344827586207,0.0,0.004310344827586207,0.0,0.0,0.0,0.69,0.169,0.0,0.831
2020-01-17 16:36:21,0,0,0,0,0,0,0,0,2019-07-30 15:41:55,11,0,0,6599,0,0.0,0.0,0.006535947712418301,0.006535947712418301,0.0,0.0,0.0,0.25,0.069,0.0,0.931
2020-01-17 14:58:22,1,0,1,0,0,0,1,0,2019-09-24 14:04:58,577,10,7,42226,0,0.0,0.0,0.0,0.0,0.0,0.0,0.0,-0.128,0.158,0.194,0.647
2020-01-17 14:43:02,5,0,1,0,0,0,0,0,2019-04-14 00:38:54,2742,1,65,16355,0,0.004048582995951417,0.0,0.004048582995951417,0.0,0.0,0.0,0.0,0.5574,0.113,0.0,0.887
2020-01-17 10:24:04,1,0,1,0,0,0,0,0,2010-03-08 11:14:34,161329,152399,2582,2462196,0,0.0,0.0,0.0,0.0,0.0,0.0,0.0,0.6408,0.294,0.115,0.591
2020-01-17 09:39:20,0,0,0,1,0,0,0,0,2010-12-17 15:06:39,209,461,7,15895,0,0.005434782608695652,0.005434782608695652,0.0,0.0,0.005434782608695652,0.0,0.0,0.5859,0.137,0.0,0.863
2020-01-16 09:38:29,0,0,1,0,0,0,0,0,2019-02-04 07:09:05,149,0,1,36884,0,0.0,0.008,0.0,0.0,0.0,0.0,0.0,0.0,0.0,0.0,1.0
2020-01-16 09:16:21,0,1,1,0,0,0,0,0,2015-03-09 11:14:47,3461,715,14,265589,0,0.0,0.0,0.0,0.006369426751592357,0.0,0.0,0.0,0.34,0.126,0.073,0.802
2020-01-15 13:40:22,1,0,1,0,0,0,1,0,2019-09-24 14:04:58,577,10,7,42226,0,0.0,0.0,0.0,0.0,0.0,0.0,0.0,-0.128,0.158,0.194,0.647
2020-01-14 23:12:44,0,6,1,0,0,0,0,1,2012-05-09 21:30:36,2805,157,71,146397,0,0.0,0.0,0.0,0.0,0.004739336492890996,0.0,0.004739336492890996,0.7096,0.228,0.0,0.772
2020-01-14 22:48:32,0,0,1,0,0,0,0,0,2019-11-11 01:39:37,566,101,13,54932,1,0.0,0.0,0.0,0.0,0.008849557522123894,0.0,0.0,0.7096,0.371,0.0,0.629
2020-01-10 03:07:06,0,1,2,2,0,0,0,0,2018-09-19 02:27:40,538,1797,1,1301,1,0.003389830508474576,0.0,0.0,0.0,0.0,0.0,0.0,0.296,0.053,0.0,0.947
2020-01-09 11:59:27,1,0,1,0,0,0,0,0,2012-07-06 13:27:25,7573,530,43,4787,0,0.00398406374501992,0.0,0.0,0.0,0.0,0.00398406374501992,0.0,0.0,0.0,0.0,1.0
2020-01-07 13:03:02,5,0,1,0,0,0,0,0,2019-04-14 00:38:54,2742,1,65,16355,0,0.0036101083032490976,0.0,0.0036101083032490976,0.0,0.0,0.0,0.0,0.3612,0.062,0.0,0.938
2020-01-01 15:00:05,1,1,1,0,0,0,0,0,2017-06-07 05:08:52,198,1338,5,58331,0,0.0,0.0,0.0,0.0,0.0,0.0,0.0,-0.128,0.0,0.176,0.824
2019-12-31 10:00:34,0,0,1,0,0,0,0,0,2016-09-26 15:03:04,1097,990,18,1105,0,0.0035971223021582736,0.0035971223021582736,0.0,0.0035971223021582736,0.0,0.0,0.0,0.7184,0.149,0.0,0.851
2019-12-30 23:52:11,0,4,1,0,0,0,0,2,2019-09-15 22:06:14,348,4995,3,4252,0,0.0,0.0,0.0,0.0,0.0,0.00398406374501992,0.0,0.2263,0.05,0.0,0.95
2019-12-30 14:45:07,0,0,1,95,1,8,29,1,2019-10-26 14:02:01,37447,1906,211,10086,1,0.0,0.0,0.0,0.0,0.0,0.0,0.0,0.8689,0.228,0.034,0.737
2019-12-26 03:20:55,0,0,0,0,0,0,0,0,2018-04-10 01:05:36,27,8,1,30172,0,0.0,0.0,0.0,0.0,0.0,0.0,0.0,0.25,0.133,0.0,0.867
2019-12-24 19:45:01,0,0,1,1,0,0,0,0,2018-05-24 15:16:25,137,119,1,301,0,0.0035971223021582736,0.0035971223021582736,0.0,0.0035971223021582736,0.0,0.0,0.0,0.7184,0.149,0.0,0.851
2019-12-22 03:00:21,1,1,1,0,0,0,1,0,2017-06-07 05:08:52,198,1338,5,58331,0,0.0,0.0,0.0,0.0,0.0,0.0,0.0,-0.128,0.0,0.176,0.824
2019-12-17 16:37:39,0,0,0,0,0,0,0,0,2019-07-30 15:41:55,11,0,0,6599,0,0.006211180124223602,0.0,0.0,0.006211180124223602,0.0,0.0,0.0,0.0772,0.046,0.0,0.954
2019-12-17 14:59:42,0,0,1,1,0,0,0,0,2017-05-10 17:08:46,254,141,3,470,0,0.0035971223021582736,0.0035971223021582736,0.0,0.0035971223021582736,0.0,0.0,0.0,0.7184,0.149,0.0,0.851
2019-12-17 14:54:04,0,0,1,1,0,0,0,0,2016-12-22 13:40:11,372,321,2,455,0,0.0035971223021582736,0.0035971223021582736,0.0,0.0035971223021582736,0.0,0.0,0.0,0.7184,0.149,0.0,0.851
2019-12-17 14:52:15,0,0,1,1,0,0,0,0,2017-01-03 16:06:30,195,22,0,532,0,0.0035971223021582736,0.0035971223021582736,0.0,0.0035971223021582736,0.0,0.0,0.0,0.7184,0.149,0.0,0.851
2019-12-17 14:45:34,0,0,1,0,0,0,0,0,2018-07-31 13:02:48,147,610,0,536,0,0.0035971223021582736,0.0035971223021582736,0.0,0.0035971223021582736,0.0,0.0,0.0,0.7184,0.149,0.0,0.851
2019-12-17 14:41:23,0,0,1,1,0,0,0,0,2017-10-30 13:41:09,118,99,1,370,0,0.0035971223021582736,0.0035971223021582736,0.0,0.0035971223021582736,0.0,0.0,0.0,0.7184,0.149,0.0,0.851
2019-12-17 14:30:40,0,0,1,0,0,0,0,0,2017-10-12 17:05:48,251,369,0,2315,0,0.0035971223021582736,0.0035971223021582736,0.0,0.0035971223021582736,0.0,0.0,0.0,0.7184,0.149,0.0,0.851
2019-12-17 14:23:17,0,0,1,1,0,0,0,0,2017-04-05 14:37:06,340,283,2,519,0,0.0035971223021582736,0.0035971223021582736,0.0,0.0035971223021582736,0.0,0.0,0.0,0.7184,0.149,0.0,0.851
2019-12-17 14:22:55,0,0,1,1,0,0,0,0,2017-02-08 11:03:43,168,76,0,299,0,0.0035971223021582736,0.0035971223021582736,0.0,0.0035971223021582736,0.0,0.0,0.0,0.7184,0.149,0.0,0.851
2019-12-17 14:07:25,0,0,1,1,0,0,0,0,2017-04-04 12:40:49,246,393,3,1247,0,0.0035971223021582736,0.0035971223021582736,0.0,0.0035971223021582736,0.0,0.0,0.0,0.7184,0.149,0.0,0.851
2019-12-17 14:05:01,0,0,1,0,0,0,0,0,2016-10-05 16:41:20,926,485,11,664,0,0.0035971223021582736,0.0035971223021582736,0.0,0.0035971223021582736,0.0,0.0,0.0,0.7184,0.149,0.0,0.851
2019-12-17 13:57:17,0,0,1,0,0,0,0,0,2018-05-09 13:10:57,73,183,0,1725,0,0.0035971223021582736,0.0035971223021582736,0.0,0.0035971223021582736,0.0,0.0,0.0,0.7184,0.149,0.0,0.851
2019-12-17 13:49:52,0,0,1,1,0,0,0,0,2018-05-10 17:07:31,81,198,0,543,0,0.0035971223021582736,0.0035971223021582736,0.0,0.0035971223021582736,0.0,0.0,0.0,0.7184,0.149,0.0,0.851
2019-12-17 13:46:47,0,0,1,1,0,0,0,0,2018-03-15 16:19:33,81,123,0,596,0,0.0035971223021582736,0.0035971223021582736,0.0,0.0035971223021582736,0.0,0.0,0.0,0.7184,0.149,0.0,0.851
2019-12-17 13:43:51,0,0,1,2,0,0,0,0,2016-09-30 16:33:30,339,359,9,1049,0,0.0035971223021582736,0.0035971223021582736,0.0,0.0035971223021582736,0.0,0.0,0.0,0.7184,0.149,0.0,0.851
2019-12-17 13:41:22,0,0,1,1,0,0,0,0,2017-06-08 13:48:15,218,195,1,631,0,0.0035971223021582736,0.0035971223021582736,0.0,0.0035971223021582736,0.0,0.0,0.0,0.7184,0.149,0.0,0.851
2019-12-17 13:41:06,0,0,1,2,0,0,0,0,2017-10-20 14:10:26,109,263,1,1705,0,0.0035971223021582736,0.0035971223021582736,0.0,0.0035971223021582736,0.0,0.0,0.0,0.7184,0.149,0.0,0.851
2019-12-17 13:35:50,0,0,1,2,1,0,0,0,2017-01-04 09:24:00,238,407,3,1979,0,0.0035971223021582736,0.0035971223021582736,0.0,0.0035971223021582736,0.0,0.0,0.0,0.7184,0.149,0.0,0.851
2019-12-17 13:35:34,0,0,1,1,0,0,0,0,2018-06-28 13:14:18,147,125,1,954,0,0.0035971223021582736,0.0035971223021582736,0.0,0.0035971223021582736,0.0,0.0,0.0,0.7184,0.149,0.0,0.851
2019-12-17 13:32:28,0,0,1,1,0,0,0,0,2017-11-03 16:27:08,68,47,0,731,0,0.0035971223021582736,0.0035971223021582736,0.0,0.0035971223021582736,0.0,0.0,0.0,0.7184,0.149,0.0,0.851
2019-12-17 13:31:51,0,0,1,0,0,0,0,0,2018-07-25 16:10:54,95,78,4,751,0,0.0035971223021582736,0.0035971223021582736,0.0,0.0035971223021582736,0.0,0.0,0.0,0.7184,0.149,0.0,0.851
2019-12-17 13:29:51,0,0,1,0,0,0,0,0,2018-10-02 16:31:04,14,11,0,404,0,0.0035971223021582736,0.0035971223021582736,0.0,0.0035971223021582736,0.0,0.0,0.0,0.7184,0.149,0.0,0.851
2019-12-17 13:26:22,0,0,1,1,0,0,0,0,2018-04-18 13:09:05,83,31,0,811,0,0.0035971223021582736,0.0035971223021582736,0.0,0.0035971223021582736,0.0,0.0,0.0,0.7184,0.149,0.0,0.851
2019-12-17 13:22:31,0,0,1,1,0,0,0,0,2018-05-18 12:15:34,95,85,0,447,0,0.0035971223021582736,0.0035971223021582736,0.0,0.0035971223021582736,0.0,0.0,0.0,0.7184,0.149,0.0,0.851
2019-12-17 13:21:21,0,0,1,1,0,0,0,0,2017-10-17 14:07:34,196,322,1,381,0,0.0035971223021582736,0.0035971223021582736,0.0,0.0035971223021582736,0.0,0.0,0.0,0.7184,0.149,0.0,0.851
2019-12-17 13:14:36,0,0,1,1,0,0,0,0,2019-06-28 14:25:04,32,56,0,311,0,0.0035971223021582736,0.0035971223021582736,0.0,0.0035971223021582736,0.0,0.0,0.0,0.7184,0.149,0.0,0.851
2019-12-17 13:06:12,0,0,1,1,0,0,0,0,2018-05-29 18:15:48,109,115,1,352,0,0.0035971223021582736,0.0035971223021582736,0.0,0.0035971223021582736,0.0,0.0,0.0,0.7184,0.149,0.0,0.851
2019-12-17 13:06:10,0,0,1,0,0,0,0,0,2017-06-12 15:45:05,393,359,2,585,0,0.0035971223021582736,0.0035971223021582736,0.0,0.0035971223021582736,0.0,0.0,0.0,0.7184,0.149,0.0,0.851
2019-12-17 13:04:10,0,0,1,1,0,0,0,0,2018-06-05 13:20:26,71,23,1,792,0,0.0035971223021582736,0.0035971223021582736,0.0,0.0035971223021582736,0.0,0.0,0.0,0.7184,0.149,0.0,0.851
2019-12-17 13:03:38,0,0,1,1,0,0,0,0,2017-04-27 09:50:14,155,108,1,558,0,0.0035971223021582736,0.0035971223021582736,0.0,0.0035971223021582736,0.0,0.0,0.0,0.7184,0.149,0.0,0.851
2019-12-17 12:46:06,0,0,1,1,0,0,0,0,2017-01-10 14:40:26,202,130,1,306,0,0.0035971223021582736,0.0035971223021582736,0.0,0.0035971223021582736,0.0,0.0,0.0,0.7184,0.149,0.0,0.851
2019-12-17 12:41:01,0,0,1,2,0,0,0,0,2018-05-18 16:17:38,143,238,0,454,0,0.0035971223021582736,0.0035971223021582736,0.0,0.0035971223021582736,0.0,0.0,0.0,0.7184,0.149,0.0,0.851
2019-12-17 12:27:28,0,0,1,0,0,0,0,0,2017-04-05 16:35:44,549,952,4,2055,0,0.0035971223021582736,0.0035971223021582736,0.0,0.0035971223021582736,0.0,0.0,0.0,0.7184,0.149,0.0,0.851
2019-12-17 12:24:31,0,0,1,0,0,0,0,0,2018-10-04 14:23:44,53,40,0,1071,0,0.0035971223021582736,0.0035971223021582736,0.0,0.0035971223021582736,0.0,0.0,0.0,0.7184,0.149,0.0,0.851
2019-12-17 12:18:43,0,0,1,0,0,0,0,0,2018-06-20 12:41:06,607,3481,2,1336,0,0.004672897196261682,0.004672897196261682,0.0,0.004672897196261682,0.0,0.0,0.0,0.5423,0.134,0.0,0.866
2019-12-17 12:14:31,0,0,1,1,0,0,0,0,2018-05-22 13:44:39,173,374,2,918,0,0.0035971223021582736,0.0035971223021582736,0.0,0.0035971223021582736,0.0,0.0,0.0,0.7184,0.149,0.0,0.851
2019-12-17 12:13:26,0,0,1,1,0,0,0,0,2019-03-27 14:23:25,28,37,0,232,0,0.0035971223021582736,0.0035971223021582736,0.0,0.0035971223021582736,0.0,0.0,0.0,0.7184,0.149,0.0,0.851
2019-12-17 11:53:52,0,0,1,1,0,0,0,0,2016-09-29 15:03:34,419,338,8,2620,0,0.0035971223021582736,0.0035971223021582736,0.0,0.0035971223021582736,0.0,0.0,0.0,0.7184,0.149,0.0,0.851
2019-12-17 11:26:14,0,0,1,1,0,0,0,0,2017-02-02 09:35:24,312,357,0,557,0,0.0035971223021582736,0.0035971223021582736,0.0,0.0035971223021582736,0.0,0.0,0.0,0.7184,0.149,0.0,0.851
2019-12-17 11:17:48,0,0,1,3,0,0,0,0,2017-11-01 14:05:49,214,234,1,1101,0,0.0035971223021582736,0.0035971223021582736,0.0,0.0035971223021582736,0.0,0.0,0.0,0.7184,0.149,0.0,0.851
2019-12-17 09:42:39,0,0,1,1,0,0,0,0,2017-04-24 12:18:38,180,327,2,1167,0,0.0035971223021582736,0.0035971223021582736,0.0,0.0035971223021582736,0.0,0.0,0.0,0.7184,0.149,0.0,0.851
2019-12-17 09:39:39,0,0,1,0,0,0,0,0,2016-10-03 14:08:15,377,379,7,1157,0,0.0035971223021582736,0.0035971223021582736,0.0,0.0035971223021582736,0.0,0.0,0.0,0.7184,0.149,0.0,0.851
2019-12-13 14:30:00,0,2,1,0,0,0,0,0,2018-03-21 18:42:51,240,490,3,617,0,0.005847953216374269,0.0,0.005847953216374269,0.0,0.0,0.0,0.0,0.6808,0.219,0.0,0.781
2019-12-12 15:43:22,1,0,1,0,0,0,0,0,2019-09-24 14:04:58,577,10,7,42226,0,0.0,0.0,0.0,0.0,0.0,0.0,0.0,0.2263,0.147,0.0,0.853
2019-12-12 11:16:42,0,0,1,0,0,0,0,0,2009-05-18 14:12:13,1983,1535,87,1900,1,0.006644518272425249,0.0,0.0033222591362126247,0.0,0.0,0.0,0.0,0.7707,0.122,0.0,0.878
2019-12-11 20:45:02,0,0,1,0,0,0,0,0,2016-10-06 13:45:07,290,30,4,372,0,0.0035971223021582736,0.0035971223021582736,0.0,0.0035971223021582736,0.0,0.0,0.0,0.7184,0.149,0.0,0.851
2019-12-10 01:59:45,0,0,0,0,0,0,0,0,2017-12-22 09:53:28,105,71,3,5933,0,0.0,0.0,0.0,0.0,0.0,0.0,0.0,0.6249,0.338,0.0,0.662
2019-12-06 12:00:22,0,0,1,0,1,0,0,1,2010-07-27 19:02:51,13600,795,232,5979,0,0.004132231404958678,0.004132231404958678,0.0,0.004132231404958678,0.0,0.0,0.0,0.5423,0.117,0.0,0.883
2019-12-04 18:28:30,0,0,1,0,0,0,0,0,2019-05-03 16:24:14,26,90,0,244,0,0.0035971223021582736,0.0035971223021582736,0.0,0.0035971223021582736,0.0,0.0,0.0,0.7184,0.149,0.0,0.851
2019-12-04 16:30:32,0,0,1,0,0,0,0,0,2012-10-31 10:03:40,7609,1032,668,30828,0,0.0,0.0,0.0,0.0,0.0,0.007326007326007326,0.0,0.4939,0.084,0.0,0.916
2019-12-04 16:03:38,0,0,1,1,0,0,1,0,2018-05-23 13:03:41,116,234,1,324,0,0.0035714285714285713,0.0035714285714285713,0.0035714285714285713,0.0035714285714285713,0.0,0.0,0.0,0.8858,0.226,0.0,0.774
2019-12-04 14:54:50,0,0,1,1,0,0,0,0,2016-12-22 13:01:42,313,71,2,542,0,0.0037174721189591076,0.0037174721189591076,0.0037174721189591076,0.0037174721189591076,0.0037174721189591076,0.0,0.0,0.8689,0.226,0.0,0.774
2019-12-04 14:26:24,0,0,1,1,0,0,0,0,2017-01-04 13:51:41,195,26,2,595,0,0.0035971223021582736,0.0035971223021582736,0.0,0.0035971223021582736,0.0,0.0,0.0,0.7184,0.149,0.0,0.851
2019-12-04 14:05:05,0,1,1,0,0,0,0,1,2018-03-24 17:31:56,119,305,0,94260,0,0.006993006993006993,0.006993006993006993,0.006993006993006993,0.006993006993006993,0.0,0.0,0.0,0.4404,0.245,0.0,0.755
2019-12-02 20:06:03,0,0,0,0,0,0,0,0,2016-04-22 15:20:32,5132,5554,14,71281,0,0.0,0.0,0.0,0.0,0.0,0.00851063829787234,0.0,0.7269,0.156,0.0,0.844
2019-12-02 08:41:45,0,0,0,0,0,0,0,0,2009-04-15 18:28:30,170,155,0,25153,0,0.0,0.0,0.0,0.0,0.0,0.00851063829787234,0.0,0.7269,0.156,0.0,0.844
2019-11-29 13:36:01,0,0,0,0,0,0,0,0,2019-07-30 15:41:55,11,0,0,6599,0,0.0,0.0,0.0,0.006329113924050633,0.0,0.0,0.0,0.4404,0.097,0.0,0.903
2019-11-28 17:35:22,1,0,1,0,0,0,0,0,2019-09-24 14:04:58,577,10,7,42226,0,0.0,0.0,0.0,0.0,0.0,0.0,0.0,-0.128,0.138,0.17,0.692
2019-11-27 18:46:21,1,0,1,0,0,0,0,0,2019-09-24 14:04:58,577,10,7,42226,0,0.0,0.0,0.0,0.0,0.0,0.0,0.0,-0.128,0.138,0.17,0.692
2019-11-27 12:13:02,5,0,1,0,0,0,0,0,2019-04-14 00:38:54,2742,1,65,16355,0,0.0038022813688212928,0.0,0.0038022813688212928,0.0,0.0,0.0,0.0,0.7506,0.175,0.0,0.825
2019-11-26 15:00:23,1,1,1,0,0,0,0,0,2017-06-07 05:08:52,198,1338,5,58331,0,0.011111111111111112,0.0,0.0,0.0,0.0,0.0,0.0,0.2732,0.231,0.0,0.769
2019-11-26 14:43:01,5,0,1,0,0,0,0,0,2019-04-14 00:38:54,2742,1,65,16355,0,0.0035971223021582736,0.0,0.0035971223021582736,0.0,0.0,0.0,0.0,0.3612,0.059,0.0,0.941
2019-11-26 07:08:27,0,0,1,0,0,0,0,0,2009-03-03 16:16:17,2363,1709,23,11025,0,0.005,0.0,0.0,0.0,0.0,0.005,0.0,0.1779,0.064,0.0,0.936
2019-11-26 05:30:02,0,1,0,0,0,0,0,0,2019-11-08 08:09:40,45,1,1,5207,0,0.004405286343612335,0.0,0.0,0.0,0.0,0.0,0.0,0.5106,0.093,0.0,0.907
2019-11-26 03:55:44,0,1,1,0,0,0,0,0,2018-10-17 07:18:24,5977,4674,37,490764,0,0.005076142131979695,0.0,0.0,0.0,0.0,0.0,0.0,0.0,0.0,0.0,1.0
2019-11-26 03:55:14,0,0,1,0,0,0,0,0,2018-10-17 07:18:24,5977,4674,37,490764,0,0.005208333333333333,0.0,0.0,0.0,0.0,0.0,0.0,0.0,0.0,0.0,1.0
2019-11-26 03:48:45,0,0,3,0,0,0,0,2,2018-03-22 08:56:47,613,2201,5,15591,1,0.0,0.0,0.0,0.0,0.0,0.005291005291005291,0.0,0.0,0.0,0.0,1.0
2019-11-25 20:20:02,1,2,2,0,0,0,0,0,2019-04-23 06:10:31,390,82,10,117117,0,0.0047169811320754715,0.0,0.0,0.0,0.0,0.0,0.0,0.0,0.0,0.0,1.0
2019-11-25 13:43:01,5,0,1,0,0,0,0,0,2019-04-14 00:38:54,2742,1,65,16355,0,0.0038461538461538464,0.0,0.0038461538461538464,0.0,0.0,0.0,0.0,0.3612,0.062,0.0,0.938
2019-11-25 13:18:37,0,0,3,0,0,0,0,0,2011-08-13 18:02:26,169202,798,54,280492,1,0.0,0.0,0.0,0.0,0.003367003367003367,0.0,0.0,0.4767,0.07,0.0,0.93
2019-11-25 13:13:02,5,0,1,0,0,0,0,0,2019-04-14 00:38:54,2742,1,65,16355,0,0.0036900369003690036,0.0,0.0036900369003690036,0.0,0.0,0.0,0.0,0.6369,0.118,0.0,0.882
2019-11-25 12:42:17,0,0,1,0,0,0,0,4,2009-12-11 16:53:13,140,1831,1,6270,0,0.0044444444444444444,0.0,0.0044444444444444444,0.0,0.0,0.008888888888888889,0.0,0.5719,0.158,0.0,0.842
2019-11-25 11:33:02,5,0,1,0,0,0,0,0,2019-04-14 00:38:54,2742,1,65,16355,0,0.00390625,0.0,0.00390625,0.0,0.0,0.0,0.0,0.3612,0.062,0.0,0.938
2019-11-25 11:03:02,5,0,1,0,0,0,0,0,2019-04-14 00:38:54,2742,1,65,16355,0,0.003663003663003663,0.0,0.003663003663003663,0.0,0.0,0.0,0.0,0.3612,0.062,0.0,0.938
2019-11-25 11:01:38,1,2,0,0,0,0,0,0,2019-05-09 09:30:56,2713,7,52,8939,0,0.014598540145985401,0.0,0.0072992700729927005,0.0,0.0,0.0,0.0,0.6037,0.188,0.0,0.812
2019-11-25 09:20:02,1,2,2,0,0,0,0,0,2019-04-23 06:10:31,390,82,10,117117,0,0.0047169811320754715,0.0,0.0,0.0,0.0,0.0,0.0,0.0,0.0,0.0,1.0
2019-11-25 08:49:54,0,0,1,4,0,0,1,1,2018-12-30 22:07:45,1943,2104,15,4242,1,0.0,0.0,0.0,0.007936507936507936,0.0,0.0,0.0,0.0,0.0,0.0,1.0
2019-11-25 06:32:14,2,0,1,1,0,0,2,0,2008-01-11 09:01:35,1129,297,76,78187,0,0.0,0.0,0.014084507042253521,0.014084507042253521,0.0,0.0,0.0,-0.0516,0.218,0.236,0.545
2019-11-25 06:21:21,2,0,1,43,0,6,16,1,2011-11-03 18:17:10,334538,998,4058,31543,1,0.0,0.0,0.0,0.0,0.0,0.0,0.0,-0.4215,0.0,0.097,0.903
2019-11-25 06:03:46,0,0,1,29,5,10,29,0,2010-04-13 19:47:47,115432,737,1645,25122,0,0.006896551724137931,0.0,0.006896551724137931,0.0,0.0,0.0,0.0,0.0,0.0,0.0,1.0
2019-11-22 21:23:06,0,0,0,0,0,0,0,0,2018-04-10 01:05:36,27,8,1,30172,0,0.0,0.0,0.0,0.0,0.0,0.0,0.0,0.1779,0.102,0.0,0.898
2019-11-22 03:52:50,0,0,2,0,0,0,0,0,2016-01-14 13:18:11,99,0,2,45525,1,0.0,0.0,0.0,0.0,0.0,0.0,0.0,0.6369,0.127,0.0,0.873
2019-11-21 18:03:49,0,0,2,0,0,0,0,0,2016-01-14 13:18:11,99,0,2,45525,1,0.0,0.0,0.0,0.0,0.0,0.0,0.0,0.5719,0.101,0.0,0.899
2019-11-21 14:53:02,5,0,1,0,0,0,0,0,2019-04-14 00:38:54,2742,1,65,16355,0,0.003745318352059925,0.0,0.003745318352059925,0.0,0.0,0.0,0.0,0.3612,0.063,0.0,0.937
2019-11-21 14:45:02,1,2,2,0,0,0,0,0,2019-04-23 06:10:31,390,82,10,117117,0,0.0047169811320754715,0.0,0.0,0.0,0.0,0.0,0.0,0.0,0.0,0.0,1.0
2019-11-21 14:42:17,0,0,1,0,0,0,0,0,2009-03-06 13:17:14,5701,2139,257,30351,0,0.0,0.0,0.0,0.0,0.0,0.0,0.005952380952380952,0.0,0.0,0.0,1.0
2019-11-21 10:17:05,0,3,1,1,0,0,0,0,2014-07-18 10:45:18,3314,3338,0,47039,0,0.0,0.007142857142857143,0.0,0.0,0.0,0.0,0.007142857142857143,0.0,0.0,0.0,1.0
2019-11-21 10:04:32,1,2,0,1,1,0,1,0,2019-05-09 09:30:56,2713,7,52,8939,0,0.014492753623188406,0.0,0.007246376811594203,0.0,0.0,0.0,0.0,0.6037,0.188,0.0,0.812
2019-11-21 09:56:48,4,1,2,2,0,0,2,0,2012-04-25 14:17:17,18040,5626,918,94363,1,0.0,0.0,0.0,0.0,0.0,0.0,0.0043859649122807015,0.0,0.0,0.0,1.0
2019-11-21 09:35:02,1,2,2,0,0,0,0,0,2019-04-23 06:10:31,390,82,10,117117,0,0.0047169811320754715,0.0,0.0,0.0,0.0,0.0,0.0,0.0,0.0,0.0,1.0
2019-11-21 09:33:05,1,2,0,0,0,0,1,0,2019-05-09 09:30:56,2713,7,52,8939,0,0.014388489208633094,0.0,0.007194244604316547,0.0,0.0,0.0,0.0,0.6037,0.188,0.0,0.812
2019-11-21 07:30:02,1,2,2,0,0,0,0,0,2019-04-23 06:10:31,390,82,10,117117,0,0.0047169811320754715,0.0,0.0,0.0,0.0,0.0,0.0,0.0,0.0,0.0,1.0
2019-11-19 08:30:03,0,1,1,0,0,0,0,0,2019-10-08 12:11:37,34,216,0,389,0,0.0040650406504065045,0.0,0.008130081300813009,0.0,0.0,0.0040650406504065045,0.0,0.4404,0.086,0.0,0.914
2019-11-14 12:07:00,0,0,3,0,0,0,0,0,2014-12-18 21:25:21,17273,3245,122,100896,1,0.0,0.0,0.0,0.0,0.003875968992248062,0.0,0.0,0.0,0.0,0.0,1.0
2019-10-22 14:08:40,1,0,1,34,3,5,15,0,2014-02-14 19:47:50,8920,140,151,16237,1,0.0033003300330033004,0.0033003300330033004,0.0,0.0033003300330033004,0.0,0.0,0.0,0.8126,0.181,0.0,0.819
2019-10-19 07:22:38,0,0,0,0,0,0,0,0,2018-04-10 01:05:36,27,8,1,30172,0,0.0,0.0,0.0,0.0,0.0,0.0,0.0,0.25,0.143,0.0,0.857
2019-10-15 19:05:13,1,0,1,0,0,0,0,0,2019-09-24 14:04:58,577,10,7,42226,0,0.0,0.0,0.0,0.0,0.0,0.0,0.0,-0.128,0.158,0.194,0.647
2019-10-15 12:40:28,0,1,1,0,0,0,0,0,2010-09-19 23:01:27,866,234,30,46252,0,0.0,0.0,0.0,0.0,0.0,0.0,0.0,-0.2263,0.0,0.128,0.872
2019-10-15 09:39:36,0,0,2,0,0,0,0,0,2016-01-14 13:18:11,99,0,2,45525,1,0.010752688172043012,0.0,0.0,0.0,0.0,0.0,0.0,0.0,0.0,0.0,1.0
2019-10-15 09:23:05,0,0,1,0,0,0,0,0,2019-02-04 07:09:05,149,0,1,36884,0,0.009345794392523364,0.0,0.0,0.0,0.0,0.0,0.0,0.0,0.0,0.0,1.0
2019-10-15 09:10:02,1,2,2,0,0,0,0,0,2019-04-23 06:10:31,390,82,10,117117,0,0.0047169811320754715,0.0,0.0,0.0,0.0,0.0,0.0,0.0,0.0,0.0,1.0
2019-10-14 10:39:02,0,0,1,0,0,0,0,0,2009-06-24 13:24:13,433,775,21,2732,1,0.0,0.0,0.0033333333333333335,0.0,0.0,0.0,0.0,0.5859,0.091,0.0,0.909
2019-10-12 05:36:05,0,0,0,0,0,0,0,0,2019-07-30 15:41:55,11,0,0,6599,0,0.0,0.0,0.0,0.006289308176100629,0.0,0.0,0.0,0.0,0.0,0.0,1.0
2019-10-11 10:52:33,1,0,1,0,0,0,0,0,2010-03-08 11:14:34,161329,152399,2582,2462196,0,0.0,0.0,0.0,0.0,0.0,0.0,0.0,0.6408,0.294,0.115,0.591
2019-10-10 17:58:05,1,2,2,0,0,0,0,0,2015-03-03 17:15:05,8970,4234,358,405095,1,0.0,0.0,0.0,0.0,0.0,0.0,0.0,0.3818,0.066,0.0,0.934
2019-10-09 12:23:02,5,0,1,0,0,0,0,0,2019-04-14 00:38:54,2742,1,65,16355,0,0.0035714285714285713,0.0,0.0035714285714285713,0.0,0.0,0.0,0.0,0.3612,0.06,0.0,0.94
2019-10-05 07:00:19,1,1,1,0,0,0,0,0,2017-06-07 05:08:52,198,1338,5,58331,0,0.0,0.0,0.0,0.012345679012345678,0.0,0.0,0.0,0.0,0.0,0.0,1.0
2019-10-04 19:52:40,0,0,1,0,0,0,0,0,2010-08-14 15:40:41,1850,4292,22,85089,0,0.007042253521126761,0.0,0.014084507042253521,0.0,0.0,0.0,0.0,0.7003,0.266,0.0,0.734
2019-10-04 19:09:16,0,0,1,0,0,0,0,0,2010-08-14 15:40:41,1850,4292,22,85089,0,0.007042253521126761,0.0,0.014084507042253521,0.0,0.0,0.0,0.0,0.7003,0.266,0.0,0.734
2019-10-02 10:39:20,3,2,1,1,0,0,0,0,2009-04-08 12:05:05,1116,127,118,11386,0,0.0,0.0,0.0,0.0,0.0,0.0036496350364963502,0.0,0.0,0.0,0.0,1.0
2019-10-02 09:35:41,1,2,0,0,0,0,1,0,2019-05-09 09:30:56,2713,7,52,8939,0,0.009009009009009009,0.0,0.0,0.0,0.0,0.0,0.0,0.0,0.0,0.0,1.0
2019-10-02 08:45:01,1,2,2,0,0,0,0,0,2019-04-23 06:10:31,390,82,10,117117,0,0.0047169811320754715,0.0,0.0,0.0,0.0,0.0,0.0,0.0,0.0,0.0,1.0
2019-10-01 21:05:02,1,2,2,0,0,0,0,0,2019-04-23 06:10:31,390,82,10,117117,0,0.0047169811320754715,0.0,0.0,0.0,0.0,0.0,0.0,0.0,0.0,0.0,1.0
2019-10-01 20:00:02,1,2,2,0,0,0,0,0,2019-04-23 06:10:31,390,82,10,117117,0,0.0047169811320754715,0.0,0.0,0.0,0.0,0.0,0.0,0.0,0.0,0.0,1.0
2019-10-01 19:41:59,0,0,2,0,0,0,0,0,2016-01-14 13:18:11,99,0,2,45525,1,0.0,0.0,0.0,0.0,0.0,0.004273504273504274,0.0,0.0,0.0,0.0,1.0
2019-10-01 15:40:01,1,2,2,0,0,0,0,0,2019-04-23 06:10:31,390,82,10,117117,0,0.0047169811320754715,0.0,0.0,0.0,0.0,0.0,0.0,0.0,0.0,0.0,1.0
2019-10-01 14:03:01,5,0,1,0,0,0,0,0,2019-04-14 00:38:54,2742,1,65,16355,0,0.0036231884057971015,0.0,0.0036231884057971015,0.0,0.0,0.0,0.0,0.0688,0.06,0.054,0.887
2019-10-01 13:33:01,5,0,1,0,0,0,0,0,2019-04-14 00:38:54,2742,1,65,16355,0,0.00390625,0.0,0.00390625,0.0,0.0,0.0,0.0,0.6908,0.165,0.0,0.835
2019-10-01 12:35:02,1,2,2,0,0,0,0,0,2019-04-23 06:10:31,390,82,10,117117,0,0.0047169811320754715,0.0,0.0,0.0,0.0,0.0,0.0,0.0,0.0,0.0,1.0
2019-10-01 12:23:01,5,0,1,0,0,0,0,0,2019-04-14 00:38:54,2742,1,65,16355,0,0.0035971223021582736,0.0,0.0035971223021582736,0.0,0.0,0.0,0.0,0.3612,0.062,0.0,0.938
2019-10-01 12:03:02,5,0,1,0,0,0,0,0,2019-04-14 00:38:54,2742,1,65,16355,0,0.0035842293906810036,0.0,0.0035842293906810036,0.0,0.0,0.0,0.0,0.5574,0.103,0.0,0.897
2019-10-01 11:43:02,5,0,1,0,0,0,0,0,2019-04-14 00:38:54,2742,1,65,16355,0,0.007380073800738007,0.0,0.007380073800738007,0.0,0.0,0.0,0.0,0.9241,0.246,0.0,0.754
2019-10-01 11:10:02,1,2,2,0,0,0,0,0,2019-04-23 06:10:31,390,82,10,117117,0,0.0047169811320754715,0.0,0.0,0.0,0.0,0.0,0.0,0.0,0.0,0.0,1.0
2019-10-01 09:42:18,1,2,0,0,0,0,0,0,2019-05-09 09:30:56,2713,7,52,8939,0,0.007142857142857143,0.007142857142857143,0.007142857142857143,0.0,0.0,0.0,0.0,0.6037,0.188,0.0,0.812
2019-10-01 09:35:03,1,2,2,0,0,0,0,0,2019-04-23 06:10:31,390,82,10,117117,0,0.0047169811320754715,0.0,0.0,0.0,0.0,0.0,0.0,0.0,0.0,0.0,1.0
